accessCode,createdAt,description,durationWeeks,endDate,id,modules,name,published,schoolId,startDate,students,subjectArea,teachers,updatedAt
8D685M,2025-03-31T18:05:19.757280,This course covers the fundamentals of Geometry and Measurement. Students will learn key concepts and practical applications.,12,2023-12-07T00:00:00,CRS282114,"[""MOD129918"", ""MOD929392"", ""MOD634135"", ""MOD793247"", ""MOD626502"", ""MOD154537"", ""MOD706011"", ""MOD757306"", ""MOD827410"", ""MOD625708"", ""MOD823547""]",Geometry and Measurement,True,SCH594112,2023-09-14T00:00:00,"[""770008099"", ""175298707"", ""313178130"", ""127372074"", ""959279485"", ""341148075"", ""639981605"", ""629493943"", ""236484073"", ""917567129"", ""417381217"", ""867933678"", ""693450520"", ""197970064"", ""603729107"", ""782600743"", ""931338096"", ""192694670"", ""764774023"", ""604144517"", ""415468853"", ""136879001"", ""726896308"", ""495380033"", ""264883017""]",Physical Education,"[""697818998""]",2025-03-31T18:05:19.787827
8CSDX2,2025-03-31T18:05:19.757280,This course covers the fundamentals of Algebra and Functions. Students will learn key concepts and practical applications.,18,2024-01-19T00:00:00,CRS563301,"[""MOD189200"", ""MOD442645"", ""MOD003797"", ""MOD965656"", ""MOD910262"", ""MOD363377"", ""MOD912950"", ""MOD266948"", ""MOD698483"", ""MOD739347"", ""MOD297528"", ""MOD149192"", ""MOD721703"", ""MOD236041"", ""MOD542977""]",Algebra and Functions,True,SCH594112,2023-09-15T00:00:00,"[""175298707"", ""197970064"", ""917567129"", ""959279485"", ""867933678"", ""603729107"", ""417381217"", ""726896308"", ""639981605"", ""782600743"", ""770008099"", ""931338096"", ""127372074"", ""629493943"", ""313178130"", ""236484073"", ""341148075"", ""693450520"", ""415468853"", ""264883017"", ""153597730"", ""534063894"", ""192694670"", ""764774023"", ""343135812"", ""136879001"", ""495380033""]",Art,"[""164653801""]",2025-03-31T18:05:19.787827
A6SYGG,2025-03-31T18:05:19.757280,This course covers the fundamentals of Entrepreneurship. Students will learn key concepts and practical applications.,14,2023-12-15T00:00:00,CRS279712,"[""MOD126424"", ""MOD750426"", ""MOD112810"", ""MOD654310"", ""MOD265972"", ""MOD465621"", ""MOD467407"", ""MOD321927"", ""MOD612347"", ""MOD477633"", ""MOD308794"", ""MOD053801""]",Entrepreneurship,True,SCH594112,2023-09-08T00:00:00,"[""917567129"", ""604144517"", ""267396244"", ""313178130"", ""415468853"", ""837453225"", ""343135812"", ""264883017"", ""726896308"", ""867933678"", ""236484073"", ""417381217"", ""603729107"", ""534063894"", ""782600743"", ""153597730"", ""495380033"", ""639981605"", ""959279485"", ""693450520"", ""192694670"", ""127372074"", ""136879001"", ""629493943"", ""197970064"", ""770008099"", ""175298707"", ""341148075"", ""931338096"", ""764774023""]",Physical Education,"[""100579822""]",2025-03-31T18:05:19.777372
HDI1TF,2025-03-31T18:05:19.757280,This course covers the fundamentals of Statistics and Probability. Students will learn key concepts and practical applications.,10,2023-11-11T00:00:00,CRS829699,"[""MOD295002"", ""MOD709569"", ""MOD655637"", ""MOD721961"", ""MOD178469"", ""MOD955623"", ""MOD747835"", ""MOD489333"", ""MOD309761""]",Statistics and Probability,True,SCH594112,2023-09-02T00:00:00,"[""343135812"", ""931338096"", ""782600743"", ""917567129"", ""629493943"", ""867933678"", ""693450520"", ""603729107"", ""313178130"", ""341148075"", ""136879001"", ""197970064"", ""604144517"", ""264883017"", ""236484073"", ""639981605"", ""192694670"", ""267396244"", ""417381217"", ""764774023"", ""959279485"", ""726896308"", ""415468853"", ""837453225"", ""127372074"", ""175298707"", ""770008099"", ""153597730"", ""534063894"", ""495380033""]",History,"[""998654841""]",2025-03-31T18:05:19.787827
UMXL5P,2025-03-31T18:05:19.757280,This course covers the fundamentals of Chemistry in Context. Students will learn key concepts and practical applications.,13,2024-05-11T00:00:00,CRS636333,"[""MOD098676"", ""MOD943821"", ""MOD751822"", ""MOD160396"", ""MOD609232"", ""MOD917943"", ""MOD599946"", ""MOD347441"", ""MOD085920"", ""MOD153959"", ""MOD857928""]",Chemistry in Context,True,SCH594112,2024-02-10T00:00:00,"[""959279485"", ""693450520"", ""236484073"", ""604144517"", ""639981605"", ""197970064"", ""417381217"", ""153597730"", ""127372074"", ""726896308"", ""343135812"", ""267396244"", ""917567129"", ""415468853"", ""192694670"", ""603729107"", ""764774023"", ""264883017"", ""770008099"", ""867933678"", ""495380033"", ""837453225"", ""534063894"", ""136879001"", ""313178130"", ""175298707"", ""341148075"", ""782600743"", ""629493943"", ""931338096""]",Science,"[""979459758""]",2025-03-31T18:05:19.787827
VW78KY,2025-03-31T18:05:19.757280,This course covers the fundamentals of Earth and Space Science. Students will learn key concepts and practical applications.,15,2024-05-25T00:00:00,CRS445791,"[""MOD404044"", ""MOD769660"", ""MOD581755"", ""MOD430054"", ""MOD976826"", ""MOD165150"", ""MOD244469"", ""MOD916450"", ""MOD816945"", ""MOD249957""]",Earth and Space Science,False,SCH594112,2024-02-10T00:00:00,"[""693450520"", ""343135812"", ""127372074"", ""534063894"", ""197970064"", ""917567129"", ""931338096"", ""236484073"", ""267396244"", ""415468853"", ""603729107"", ""192694670"", ""313178130"", ""770008099"", ""639981605"", ""175298707"", ""782600743"", ""341148075"", ""867933678"", ""264883017"", ""837453225"", ""726896308"", ""495380033"", ""153597730""]",Science,"[""155521610""]",2025-03-31T18:05:19.787827
B8926L,2025-03-31T18:05:19.757280,This course covers the fundamentals of Language Acquisition Theory. Students will learn key concepts and practical applications.,10,2023-11-14T00:00:00,CRS010114,"[""MOD378369"", ""MOD033663"", ""MOD850531"", ""MOD621281"", ""MOD824435"", ""MOD695683"", ""MOD837354"", ""MOD484213"", ""MOD402332""]",Language Acquisition Theory,True,SCH594112,2023-09-05T00:00:00,"[""867933678"", ""197970064"", ""175298707"", ""153597730"", ""192694670"", ""782600743"", ""629493943"", ""604144517"", ""127372074"", ""341148075"", ""639981605"", ""693450520"", ""495380033"", ""267396244"", ""264883017"", ""603729107"", ""313178130"", ""959279485"", ""415468853"", ""343135812"", ""931338096"", ""726896308"", ""417381217"", ""917567129"", ""236484073"", ""764774023"", ""136879001""]",Music,"[""704607153""]",2025-03-31T18:05:19.787827
9C8XCA,2025-03-31T18:05:19.757280,This course covers the fundamentals of Biology of Living Systems. Students will learn key concepts and practical applications.,11,2024-04-27T00:00:00,CRS237240,"[""MOD290671"", ""MOD999403"", ""MOD598962"", ""MOD228416"", ""MOD009529"", ""MOD167797"", ""MOD437354"", ""MOD648440"", ""MOD431836"", ""MOD646464""]",Biology of Living Systems,True,SCH215402,2024-02-10T00:00:00,"[""737215922"", ""353558632"", ""626154106"", ""573992900"", ""661823488"", ""909992825"", ""613980951"", ""455419642"", ""513258753"", ""573969227"", ""934180162"", ""764756337"", ""824629828"", ""603790981"", ""188945190"", ""479054830"", ""843130297"", ""573159212"", ""604894409"", ""737404156"", ""555642499"", ""767268515"", ""510835240"", ""290406607"", ""895891539"", ""842108539"", ""104731796"", ""380666039""]",Music,"[""628688353""]",2025-03-31T18:05:19.787827
6I2QJ5,2025-03-31T18:05:19.757280,This course covers the fundamentals of Laboratory Techniques. Students will learn key concepts and practical applications.,14,2023-12-13T00:00:00,CRS384403,"[""MOD795201"", ""MOD591859"", ""MOD609268"", ""MOD365290"", ""MOD973486"", ""MOD739941"", ""MOD877222"", ""MOD440527"", ""MOD322102"", ""MOD349587"", ""MOD703545"", ""MOD962259""]",Laboratory Techniques,True,SCH215402,2023-09-06T00:00:00,"[""843130297"", ""555642499"", ""604894409"", ""573992900"", ""455419642"", ""764756337"", ""737215922"", ""573159212"", ""934180162"", ""626154106"", ""824629828"", ""479054830"", ""290406607"", ""188945190"", ""573969227"", ""513258753"", ""737404156"", ""895891539"", ""767268515"", ""603790981"", ""613980951"", ""909992825"", ""754749508"", ""661823488"", ""842108539"", ""353558632""]",History,"[""887757105""]",2025-03-31T18:05:19.787827
9X9ZOT,2025-03-31T18:05:19.757280,This course covers the fundamentals of 3D Modeling and Design. Students will learn key concepts and practical applications.,18,2024-06-16T00:00:00,CRS878123,"[""MOD332974"", ""MOD250245"", ""MOD811286"", ""MOD752225"", ""MOD038585"", ""MOD827491"", ""MOD594289"", ""MOD440446"", ""MOD062639"", ""MOD939673"", ""MOD863598"", ""MOD287155"", ""MOD513825"", ""MOD531121"", ""MOD222741"", ""MOD778549""]",3D Modeling and Design,True,SCH215402,2024-02-11T00:00:00,"[""353558632"", ""661823488"", ""510835240"", ""737215922"", ""934180162"", ""555642499"", ""909992825"", ""737404156"", ""455419642"", ""513258753"", ""573969227"", ""188945190"", ""843130297"", ""290406607"", ""824629828"", ""573992900"", ""626154106"", ""764756337"", ""479054830"", ""603790981"", ""573159212"", ""767268515"", ""604894409"", ""613980951"", ""895891539"", ""380666039"", ""754749508""]",Social Studies,"[""135907292""]",2025-03-31T18:05:19.787827
GX23WL,2025-03-31T18:05:19.758284,This course covers the fundamentals of Art History. Students will learn key concepts and practical applications.,11,2023-11-26T00:00:00,CRS182491,"[""MOD961055"", ""MOD871090"", ""MOD908617"", ""MOD357074"", ""MOD829030"", ""MOD055488"", ""MOD844351"", ""MOD996627"", ""MOD049859"", ""MOD413286""]",Art History,True,SCH215402,2023-09-10T00:00:00,"[""573159212"", ""909992825"", ""613980951"", ""737404156"", ""843130297"", ""479054830"", ""604894409"", ""455419642"", ""934180162"", ""188945190"", ""353558632"", ""626154106"", ""380666039"", ""842108539"", ""764756337"", ""510835240"", ""824629828"", ""513258753"", ""573969227"", ""104731796"", ""290406607"", ""661823488"", ""737215922"", ""603790981"", ""767268515"", ""573992900"", ""754749508"", ""895891539"", ""555642499""]",History,"[""714421815""]",2025-03-31T18:05:19.787827
GFMY0O,2025-03-31T18:05:19.758284,This course covers the fundamentals of Engineering Principles. Students will learn key concepts and practical applications.,18,2024-01-19T00:00:00,CRS171035,"[""MOD229133"", ""MOD978428"", ""MOD678234"", ""MOD724422"", ""MOD198507"", ""MOD809749"", ""MOD059619""]",Engineering Principles,True,SCH215402,2023-09-12T00:00:00,"[""455419642"", ""824629828"", ""513258753"", ""661823488"", ""613980951"", ""626154106"", ""737215922"", ""604894409"", ""479054830"", ""603790981"", ""353558632"", ""573992900"", ""909992825"", ""555642499"", ""573969227"", ""843130297"", ""510835240"", ""764756337"", ""737404156"", ""934180162"", ""895891539"", ""573159212"", ""188945190"", ""380666039"", ""754749508"", ""842108539""]",Art,"[""949305037""]",2025-03-31T18:05:19.787827
N3J1ZH,2025-03-31T18:05:19.758284,This course covers the fundamentals of Visual Arts. Students will learn key concepts and practical applications.,18,2024-01-15T00:00:00,CRS393309,"[""MOD711220"", ""MOD659000"", ""MOD794694"", ""MOD435968"", ""MOD462068"", ""MOD847010"", ""MOD193190"", ""MOD410734"", ""MOD288668"", ""MOD443541"", ""MOD661128"", ""MOD516023"", ""MOD515312"", ""MOD613314"", ""MOD364923"", ""MOD962399""]",Visual Arts,True,SCH215402,2023-09-11T00:00:00,"[""909992825"", ""573969227"", ""737215922"", ""455419642"", ""934180162"", ""737404156"", ""188945190"", ""573992900"", ""764756337"", ""626154106"", ""824629828"", ""510835240"", ""603790981"", ""290406607"", ""661823488"", ""353558632"", ""573159212"", ""843130297"", ""604894409"", ""513258753"", ""613980951"", ""104731796"", ""555642499"", ""767268515"", ""479054830"", ""842108539"", ""754749508"", ""895891539"", ""380666039""]",Art,"[""949305037""]",2025-03-31T18:05:19.787827
TNVWZ4,2025-03-31T18:05:19.758284,This course covers the fundamentals of Data Structures and Algorithms. Students will learn key concepts and practical applications.,17,2024-06-05T00:00:00,CRS843136,"[""MOD385897"", ""MOD074629"", ""MOD463904"", ""MOD524017"", ""MOD093213"", ""MOD179962"", ""MOD294779"", ""MOD681594"", ""MOD640872"", ""MOD471982"", ""MOD515947"", ""MOD572880"", ""MOD524521"", ""MOD020340"", ""MOD249109""]",Data Structures and Algorithms,True,SCH215402,2024-02-07T00:00:00,"[""626154106"", ""895891539"", ""909992825"", ""573969227"", ""510835240"", ""842108539"", ""604894409"", ""290406607"", ""479054830"", ""843130297"", ""613980951"", ""661823488"", ""104731796"", ""513258753"", ""737215922"", ""573159212"", ""754749508"", ""455419642"", ""353558632"", ""824629828"", ""737404156"", ""573992900"", ""603790981"", ""188945190"", ""764756337"", ""380666039"", ""767268515"", ""555642499"", ""934180162""]",Computer Science,"[""131559058""]",2025-03-31T18:05:19.778377
ODF81F,2025-03-31T18:05:19.758284,This course covers the fundamentals of Algebra and Functions. Students will learn key concepts and practical applications.,16,2024-05-29T00:00:00,CRS159759,"[""MOD677486"", ""MOD653985"", ""MOD098782"", ""MOD068078"", ""MOD291929"", ""MOD233036"", ""MOD512396"", ""MOD473197"", ""MOD593121"", ""MOD713510"", ""MOD104763"", ""MOD724710"", ""MOD345464"", ""MOD333720""]",Algebra and Functions,True,SCH215402,2024-02-07T00:00:00,"[""290406607"", ""754749508"", ""764756337"", ""188945190"", ""737215922"", ""513258753"", ""824629828"", ""737404156"", ""843130297"", ""573992900"", ""767268515"", ""626154106"", ""573969227"", ""479054830"", ""895891539"", ""510835240"", ""104731796"", ""555642499"", ""613980951"", ""603790981"", ""909992825"", ""727559426"", ""842108539"", ""661823488"", ""934180162"", ""455419642"", ""353558632"", ""573159212"", ""604894409"", ""380666039""]",Foreign Language,"[""569578837""]",2025-03-31T18:05:19.789346
0US605,2025-03-31T18:05:19.758284,This course covers the fundamentals of Mobile App Development. Students will learn key concepts and practical applications.,18,2024-01-05T00:00:00,CRS435216,"[""MOD918678"", ""MOD810128"", ""MOD762248"", ""MOD078207"", ""MOD557801"", ""MOD618817"", ""MOD216349"", ""MOD009682"", ""MOD894167"", ""MOD332745"", ""MOD807243"", ""MOD119254"", ""MOD954048"", ""MOD829013"", ""MOD986023"", ""MOD890252""]",Mobile App Development,False,SCH215402,2023-09-01T00:00:00,"[""353558632"", ""613980951"", ""661823488"", ""737404156"", ""104731796"", ""767268515"", ""764756337"", ""824629828"", ""555642499"", ""479054830"", ""626154106"", ""573992900"", ""510835240"", ""934180162"", ""909992825"", ""754749508"", ""895891539"", ""843130297"", ""380666039"", ""842108539"", ""573159212"", ""290406607"", ""737215922"", ""455419642"", ""603790981"", ""604894409"", ""513258753""]",Computer Science,"[""345074912""]",2025-03-31T18:05:19.789346
AFK0MQ,2025-03-31T18:05:19.758284,This course covers the fundamentals of Poetry and Expression. Students will learn key concepts and practical applications.,10,2023-11-12T00:00:00,CRS242944,"[""MOD317207"", ""MOD638265"", ""MOD830737"", ""MOD831970"", ""MOD064029"", ""MOD992907"", ""MOD033496"", ""MOD669246"", ""MOD157034""]",Poetry and Expression,True,SCH278430,2023-09-03T00:00:00,"[""448334703"", ""808117610"", ""914342119"", ""930697650"", ""168542464"", ""423298645"", ""401620787"", ""393833930"", ""653387960"", ""323878220"", ""605297813"", ""373405527"", ""868158341"", ""519495818"", ""761582992"", ""323938738"", ""251691288"", ""668178790"", ""922824237"", ""419629533"", ""824199372"", ""782282063"", ""940556342"", ""303484952"", ""704294624"", ""210972154"", ""686923873"", ""704357745""]",Physical Education,"[""583391339""]",2025-03-31T18:05:19.778377
6G8VDI,2025-03-31T18:05:19.758868,This course covers the fundamentals of National History. Students will learn key concepts and practical applications.,14,2023-12-18T00:00:00,CRS273627,"[""MOD091251"", ""MOD917847"", ""MOD392010"", ""MOD939961"", ""MOD415289"", ""MOD137710"", ""MOD958364"", ""MOD467390"", ""MOD792974"", ""MOD308609"", ""MOD578008"", ""MOD132313"", ""MOD156426""]",National History,True,SCH278430,2023-09-11T00:00:00,"[""401620787"", ""303484952"", ""519495818"", ""373405527"", ""419629533"", ""323938738"", ""868158341"", ""704357745"", ""210972154"", ""686923873"", ""761582992"", ""922824237"", ""393833930"", ""251691288"", ""808117610"", ""824199372"", ""782282063"", ""930697650"", ""653387960"", ""668178790"", ""605297813"", ""914342119"", ""323878220"", ""704294624"", ""423298645"", ""168542464"", ""940556342"", ""448334703""]",History,"[""583391339""]",2025-03-31T18:05:19.789346
TLGMHR,2025-03-31T18:05:19.758868,This course covers the fundamentals of Sociology. Students will learn key concepts and practical applications.,13,2023-12-02T00:00:00,CRS687693,"[""MOD289873"", ""MOD369400"", ""MOD714844"", ""MOD322760"", ""MOD950412"", ""MOD384513"", ""MOD700955""]",Sociology,True,SCH278430,2023-09-02T00:00:00,"[""704357745"", ""922824237"", ""168542464"", ""419629533"", ""686923873"", ""704294624"", ""808117610"", ""868158341"", ""940556342"", ""323938738"", ""423298645"", ""930697650"", ""401620787"", ""303484952"", ""210972154"", ""668178790"", ""653387960"", ""373405527"", ""393833930"", ""605297813"", ""761582992"", ""251691288"", ""782282063"", ""448334703"", ""323878220"", ""914342119"", ""824199372"", ""519495818"", ""279359429""]",Social Studies,"[""535737442""]",2025-03-31T18:05:19.789346
ET4GA1,2025-03-31T18:05:19.758868,This course covers the fundamentals of Physics Principles. Students will learn key concepts and practical applications.,17,2023-12-29T00:00:00,CRS408913,"[""MOD957934"", ""MOD003021"", ""MOD153764"", ""MOD492009"", ""MOD716367"", ""MOD410300"", ""MOD858290"", ""MOD722111"", ""MOD343903"", ""MOD881357"", ""MOD091430"", ""MOD531267""]",Physics Principles,True,SCH278430,2023-09-01T00:00:00,"[""323878220"", ""373405527"", ""419629533"", ""761582992"", ""808117610"", ""401620787"", ""653387960"", ""782282063"", ""824199372"", ""168542464"", ""704357745"", ""423298645"", ""868158341"", ""686923873"", ""922824237"", ""448334703"", ""393833930"", ""251691288"", ""323938738"", ""519495818"", ""704294624"", ""210972154"", ""605297813"", ""303484952"", ""930697650"", ""940556342""]",Science,"[""526409063"", ""244789436""]",2025-03-31T18:05:19.789346
70NG29,2025-03-31T18:05:19.759102,This course covers the fundamentals of Chemistry in Context. Students will learn key concepts and practical applications.,14,2024-05-13T00:00:00,CRS923542,"[""MOD212180"", ""MOD281689"", ""MOD344611"", ""MOD007756"", ""MOD283992"", ""MOD459074"", ""MOD397236"", ""MOD277395"", ""MOD300827"", ""MOD376648"", ""MOD874574"", ""MOD415249""]",Chemistry in Context,True,SCH278430,2024-02-05T00:00:00,"[""668178790"", ""605297813"", ""251691288"", ""401620787"", ""761582992"", ""808117610"", ""423298645"", ""323938738"", ""653387960"", ""323878220"", ""704357745"", ""868158341"", ""824199372"", ""448334703"", ""393833930"", ""914342119"", ""686923873"", ""922824237"", ""168542464"", ""210972154"", ""519495818"", ""303484952"", ""704294624"", ""940556342"", ""373405527"", ""279359429"", ""419629533""]",Foreign Language,"[""216964727"", ""926028153""]",2025-03-31T18:05:19.789346
P3RKQ8,2025-03-31T18:05:19.759102,This course covers the fundamentals of Literature Analysis. Students will learn key concepts and practical applications.,18,2024-01-10T00:00:00,CRS596208,"[""MOD065581"", ""MOD708943"", ""MOD205269"", ""MOD714725"", ""MOD419348"", ""MOD612260"", ""MOD287457"", ""MOD137089"", ""MOD562348"", ""MOD078832"", ""MOD451397"", ""MOD047008"", ""MOD610432"", ""MOD252454"", ""MOD238235"", ""MOD842917""]",Literature Analysis,True,SCH278430,2023-09-06T00:00:00,"[""808117610"", ""930697650"", ""653387960"", ""401620787"", ""686923873"", ""393833930"", ""761582992"", ""419629533"", ""303484952"", ""168542464"", ""323878220"", ""868158341"", ""323938738"", ""251691288"", ""704294624"", ""279359429"", ""824199372"", ""914342119"", ""423298645"", ""605297813"", ""668178790"", ""940556342""]",Literature,"[""417237564""]",2025-03-31T18:05:19.789346
6IUF8S,2025-03-31T18:05:19.759102,This course covers the fundamentals of Health and Wellness. Students will learn key concepts and practical applications.,14,2023-12-11T00:00:00,CRS097087,"[""MOD569463"", ""MOD427574"", ""MOD856572"", ""MOD485454"", ""MOD473249"", ""MOD592624"", ""MOD452428"", ""MOD889497"", ""MOD801099"", ""MOD223035"", ""MOD594155"", ""MOD680744""]",Health and Wellness,True,SCH436822,2023-09-04T00:00:00,"[""879393019"", ""222874330"", ""935421595"", ""494163220"", ""108284126"", ""180713916"", ""715713763"", ""684560146"", ""311160079"", ""386737024"", ""861094422"", ""712674600"", ""848192951"", ""446884773"", ""459882110"", ""562408561"", ""497154640"", ""942118371"", ""659638291"", ""161135928"", ""840489835"", ""171047323"", ""318204636"", ""128413322"", ""886035234"", ""899122863"", ""519099965""]",Mathematics,"[""374930033""]",2025-03-31T18:05:19.789346
VGD7ID,2025-03-31T18:05:19.759102,This course covers the fundamentals of Geography and Culture. Students will learn key concepts and practical applications.,14,2023-12-21T00:00:00,CRS158012,"[""MOD679664"", ""MOD176869"", ""MOD485861"", ""MOD217324"", ""MOD216540"", ""MOD453738"", ""MOD924891"", ""MOD384717"", ""MOD415913"", ""MOD188998"", ""MOD861811"", ""MOD450702""]",Geography and Culture,True,SCH436822,2023-09-14T00:00:00,"[""840489835"", ""942118371"", ""712674600"", ""459882110"", ""128413322"", ""318204636"", ""899122863"", ""446884773"", ""715713763"", ""171047323"", ""886035234"", ""494163220"", ""497154640"", ""180713916"", ""562408561"", ""519099965"", ""108284126"", ""311160079"", ""935421595"", ""861094422"", ""879393019"", ""386737024"", ""848192951"", ""694916018"", ""684560146""]",Art,"[""575037503""]",2025-03-31T18:05:19.789346
8P17B6,2025-03-31T18:05:19.759102,This course covers the fundamentals of Ecology. Students will learn key concepts and practical applications.,17,2024-01-11T00:00:00,CRS374203,"[""MOD280189"", ""MOD334819"", ""MOD316873"", ""MOD109836"", ""MOD665501"", ""MOD350275"", ""MOD521085"", ""MOD516688"", ""MOD426760"", ""MOD776825"", ""MOD411179"", ""MOD883168"", ""MOD913524"", ""MOD828597"", ""MOD040547""]",Ecology,True,SCH436822,2023-09-14T00:00:00,"[""562408561"", ""171047323"", ""886035234"", ""161135928"", ""848192951"", ""311160079"", ""712674600"", ""942118371"", ""222874330"", ""715713763"", ""318204636"", ""879393019"", ""935421595"", ""861094422"", ""497154640"", ""446884773"", ""128413322"", ""684560146"", ""180713916"", ""840489835"", ""386737024"", ""694916018""]",Computer Science,"[""403714026""]",2025-03-31T18:05:19.789346
GY0EU5,2025-03-31T18:05:19.759102,This course covers the fundamentals of Earth and Space Science. Students will learn key concepts and practical applications.,13,2023-12-14T00:00:00,CRS700175,"[""MOD531738"", ""MOD710623"", ""MOD244224"", ""MOD701756"", ""MOD457739"", ""MOD522992"", ""MOD076577"", ""MOD555978"", ""MOD022617"", ""MOD635093"", ""MOD700655""]",Earth and Space Science,True,SCH436822,2023-09-14T00:00:00,"[""684560146"", ""386737024"", ""886035234"", ""180713916"", ""935421595"", ""840489835"", ""459882110"", ""497154640"", ""446884773"", ""899122863"", ""161135928"", ""942118371"", ""861094422"", ""848192951"", ""562408561"", ""108284126"", ""128413322"", ""318204636"", ""519099965"", ""494163220"", ""311160079"", ""659638291"", ""715713763""]",Science,"[""374930033""]",2025-03-31T18:05:19.789346
ACF8TJ,2025-03-31T18:05:19.759102,This course covers the fundamentals of Conservation Biology. Students will learn key concepts and practical applications.,15,2024-05-20T00:00:00,CRS260684,"[""MOD306757"", ""MOD401163"", ""MOD638239"", ""MOD857573"", ""MOD095966"", ""MOD300533"", ""MOD993200"", ""MOD089162"", ""MOD587128"", ""MOD646426"", ""MOD396306""]",Conservation Biology,True,SCH436822,2024-02-05T00:00:00,"[""562408561"", ""942118371"", ""108284126"", ""171047323"", ""886035234"", ""497154640"", ""222874330"", ""935421595"", ""848192951"", ""494163220"", ""446884773"", ""861094422"", ""128413322"", ""386737024"", ""459882110"", ""161135928"", ""659638291"", ""684560146"", ""311160079"", ""840489835"", ""715713763"", ""180713916"", ""879393019"", ""318204636"", ""694916018"", ""712674600""]",Social Studies,"[""575037503""]",2025-03-31T18:05:19.789346
L0497P,2025-03-31T18:05:19.759102,This course covers the fundamentals of Anthropology. Students will learn key concepts and practical applications.,15,2023-12-17T00:00:00,CRS120015,"[""MOD351754"", ""MOD498502"", ""MOD234849"", ""MOD109216"", ""MOD910693"", ""MOD855873"", ""MOD639641"", ""MOD060828"", ""MOD889005"", ""MOD150732"", ""MOD942835"", ""MOD214567"", ""MOD809497""]",Anthropology,True,SCH436822,2023-09-03T00:00:00,"[""848192951"", ""899122863"", ""497154640"", ""180713916"", ""494163220"", ""715713763"", ""659638291"", ""886035234"", ""171047323"", ""311160079"", ""318204636"", ""684560146"", ""459882110"", ""879393019"", ""161135928"", ""840489835"", ""935421595"", ""108284126"", ""712674600"", ""942118371"", ""519099965"", ""694916018"", ""386737024"", ""222874330"", ""861094422"", ""128413322"", ""562408561"", ""446884773""]",Physical Education,"[""491601410""]",2025-03-31T18:05:19.789346
78BWXT,2025-03-31T18:05:19.759102,This course covers the fundamentals of Environmental Science. Students will learn key concepts and practical applications.,12,2023-12-03T00:00:00,CRS960105,"[""MOD933513"", ""MOD711291"", ""MOD300000"", ""MOD133522"", ""MOD729682"", ""MOD526865"", ""MOD365811"", ""MOD376457"", ""MOD451154"", ""MOD491095"", ""MOD672337""]",Environmental Science,False,SCH436822,2023-09-10T00:00:00,"[""935421595"", ""459882110"", ""161135928"", ""659638291"", ""318204636"", ""899122863"", ""848192951"", ""386737024"", ""886035234"", ""497154640"", ""311160079"", ""222874330"", ""171047323"", ""942118371"", ""712674600"", ""861094422"", ""684560146"", ""879393019"", ""128413322"", ""180713916"", ""715713763"", ""108284126"", ""446884773"", ""562408561"", ""840489835"", ""519099965"", ""694916018"", ""494163220""]",Science,"[""403714026""]",2025-03-31T18:05:19.779376
83FCOH,2025-03-31T18:05:19.759102,This course covers the fundamentals of Ancient Civilizations. Students will learn key concepts and practical applications.,10,2023-11-16T00:00:00,CRS676619,"[""MOD937871"", ""MOD954863"", ""MOD162718"", ""MOD522181"", ""MOD437102"", ""MOD555562"", ""MOD615113""]",Ancient Civilizations,True,SCH844154,2023-09-07T00:00:00,"[""162977972"", ""985109683"", ""627069492"", ""247344825"", ""699012941"", ""601886383"", ""281331393"", ""485507027"", ""348155089"", ""594920489"", ""629488203"", ""863821458"", ""757525022"", ""138391628"", ""448154657"", ""344280291"", ""216510546"", ""268505243"", ""207301042"", ""510977653"", ""342125930"", ""157590909"", ""850006089"", ""447076405"", ""490137616"", ""518628411"", ""818290048"", ""895856920"", ""535047310"", ""683113067""]",Music,"[""316206180""]",2025-03-31T18:05:19.790350
N3OSV0,2025-03-31T18:05:19.759102,This course covers the fundamentals of Mathematical Modeling. Students will learn key concepts and practical applications.,19,2024-01-12T00:00:00,CRS196654,"[""MOD744318"", ""MOD467351"", ""MOD971730"", ""MOD753023"", ""MOD777840"", ""MOD476724"", ""MOD833921"", ""MOD167756"", ""MOD563837"", ""MOD626414"", ""MOD992138""]",Mathematical Modeling,True,SCH844154,2023-09-01T00:00:00,"[""518628411"", ""863821458"", ""601886383"", ""268505243"", ""850006089"", ""216510546"", ""162977972"", ""594920489"", ""247344825"", ""281331393"", ""157590909"", ""138391628"", ""485507027"", ""629488203"", ""757525022"", ""627069492"", ""342125930"", ""699012941"", ""490137616"", ""985109683"", ""344280291"", ""448154657"", ""447076405"", ""510977653"", ""207301042"", ""535047310"", ""895856920"", ""348155089"", ""683113067""]",Physical Education,"[""266304593""]",2025-03-31T18:05:19.790350
D0WU6B,2025-03-31T18:05:19.759102,This course covers the fundamentals of Calculus Foundations. Students will learn key concepts and practical applications.,12,2023-12-07T00:00:00,CRS210243,"[""MOD051737"", ""MOD193395"", ""MOD439501"", ""MOD273179"", ""MOD561645"", ""MOD476823"", ""MOD272922"", ""MOD098077"", ""MOD936179"", ""MOD814598"", ""MOD199146""]",Calculus Foundations,False,SCH844154,2023-09-14T00:00:00,"[""485507027"", ""344280291"", ""490137616"", ""138391628"", ""448154657"", ""268505243"", ""985109683"", ""629488203"", ""157590909"", ""757525022"", ""247344825"", ""863821458"", ""342125930"", ""627069492"", ""216510546"", ""207301042"", ""699012941"", ""895856920"", ""535047310"", ""348155089"", ""594920489"", ""510977653"", ""447076405"", ""281331393""]",Literature,"[""440665012"", ""266304593""]",2025-03-31T18:05:19.790350
EZOGOA,2025-03-31T18:05:19.759102,This course covers the fundamentals of Cultural Studies. Students will learn key concepts and practical applications.,16,2023-12-31T00:00:00,CRS741286,"[""MOD449062"", ""MOD381154"", ""MOD577172"", ""MOD904897"", ""MOD605555"", ""MOD351473"", ""MOD647261"", ""MOD683088"", ""MOD121565"", ""MOD900507"", ""MOD166039"", ""MOD681062"", ""MOD477045"", ""MOD068761""]",Cultural Studies,True,SCH844154,2023-09-10T00:00:00,"[""342125930"", ""594920489"", ""490137616"", ""348155089"", ""138391628"", ""627069492"", ""281331393"", ""207301042"", ""850006089"", ""344280291"", ""510977653"", ""601886383"", ""247344825"", ""863821458"", ""699012941"", ""683113067"", ""818290048"", ""985109683"", ""518628411"", ""448154657"", ""629488203"", ""447076405"", ""895856920"", ""485507027"", ""757525022"", ""162977972""]",Art,"[""964416270""]",2025-03-31T18:05:19.790350
KB3GKS,2025-03-31T18:05:19.759102,This course covers the fundamentals of Maritime Navigation. Students will learn key concepts and practical applications.,19,2024-01-17T00:00:00,CRS622177,"[""MOD218513"", ""MOD017048"", ""MOD072357"", ""MOD868747"", ""MOD482834"", ""MOD977048""]",Maritime Navigation,True,SCH844154,2023-09-06T00:00:00,"[""162977972"", ""699012941"", ""344280291"", ""342125930"", ""207301042"", ""627069492"", ""629488203"", ""138391628"", ""850006089"", ""157590909"", ""281331393"", ""447076405"", ""268505243"", ""490137616"", ""601886383"", ""863821458"", ""485507027"", ""757525022"", ""518628411"", ""535047310"", ""818290048"", ""448154657"", ""683113067"", ""348155089"", ""594920489"", ""895856920"", ""510977653""]",Science,"[""964416270"", ""316206180""]",2025-03-31T18:05:19.790350
7CIAJZ,2025-03-31T18:05:19.759102,This course covers the fundamentals of Multimedia Production. Students will learn key concepts and practical applications.,18,2024-01-18T00:00:00,CRS891563,"[""MOD995095"", ""MOD028913"", ""MOD530488"", ""MOD955087"", ""MOD028770"", ""MOD854496"", ""MOD092746"", ""MOD257387""]",Multimedia Production,True,SCH563138,2023-09-14T00:00:00,"[""294060282"", ""580202000"", ""188198951"", ""838176152"", ""998990500"", ""839010003"", ""519317200"", ""228567903"", ""915879678"", ""545434474"", ""986618566"", ""954566630"", ""395384672"", ""203806506"", ""203383435"", ""500894085"", ""274227731"", ""907199433"", ""509869863"", ""136763180"", ""808888192"", ""344616483"", ""661014850"", ""651566505"", ""986266570"", ""753997323"", ""285379040"", ""276955481"", ""659746654"", ""700295880""]",Foreign Language,"[""835914088""]",2025-03-31T18:05:19.780866
R4Q8WN,2025-03-31T18:05:19.759102,This course covers the fundamentals of Earth and Space Science. Students will learn key concepts and practical applications.,10,2024-04-19T00:00:00,CRS347966,"[""MOD217476"", ""MOD766117"", ""MOD474752"", ""MOD206985"", ""MOD081289"", ""MOD404585"", ""MOD325710"", ""MOD285990"", ""MOD666112""]",Earth and Space Science,True,SCH563138,2024-02-09T00:00:00,"[""294060282"", ""954566630"", ""276955481"", ""203383435"", ""700295880"", ""915879678"", ""500894085"", ""986266570"", ""519317200"", ""998990500"", ""661014850"", ""228567903"", ""839010003"", ""907199433"", ""838176152"", ""395384672"", ""188198951"", ""203806506"", ""808888192"", ""274227731"", ""986618566"", ""753997323"", ""580202000"", ""545434474"", ""659746654"", ""651566505"", ""344616483"", ""509869863"", ""136763180"", ""285379040""]",Science,"[""866005309""]",2025-03-31T18:05:19.790350
FPYF6T,2025-03-31T18:05:19.759102,This course covers the fundamentals of Agricultural Science. Students will learn key concepts and practical applications.,10,2023-11-24T00:00:00,CRS770000,"[""MOD888908"", ""MOD233779"", ""MOD306983"", ""MOD277435"", ""MOD358869"", ""MOD222484"", ""MOD878500"", ""MOD580629"", ""MOD586763""]",Agricultural Science,True,SCH563138,2023-09-15T00:00:00,"[""839010003"", ""500894085"", ""753997323"", ""700295880"", ""661014850"", ""659746654"", ""188198951"", ""519317200"", ""228567903"", ""344616483"", ""276955481"", ""986266570"", ""907199433"", ""285379040"", ""651566505"", ""580202000"", ""294060282"", ""509869863"", ""998990500"", ""136763180"", ""545434474"", ""838176152"", ""203383435"", ""395384672"", ""808888192""]",Science,"[""871206204""]",2025-03-31T18:05:19.790350
G413VY,2025-03-31T18:05:19.759102,This course covers the fundamentals of Agricultural Economics. Students will learn key concepts and practical applications.,19,2024-06-17T00:00:00,CRS936616,"[""MOD075171"", ""MOD135830"", ""MOD999063"", ""MOD531570"", ""MOD288297"", ""MOD241491"", ""MOD905725"", ""MOD392666"", ""MOD219177"", ""MOD892375"", ""MOD939675"", ""MOD802125"", ""MOD947730"", ""MOD394295"", ""MOD518515"", ""MOD927347""]",Agricultural Economics,True,SCH563138,2024-02-05T00:00:00,"[""203383435"", ""344616483"", ""580202000"", ""838176152"", ""661014850"", ""986618566"", ""188198951"", ""915879678"", ""203806506"", ""986266570"", ""753997323"", ""509869863"", ""294060282"", ""907199433"", ""395384672"", ""700295880"", ""839010003"", ""228567903"", ""519317200"", ""808888192"", ""545434474"", ""651566505"", ""136763180"", ""285379040""]",Computer Science,"[""871206204""]",2025-03-31T18:05:19.790350
D7U618,2025-03-31T18:05:19.759102,This course covers the fundamentals of Web Development. Students will learn key concepts and practical applications.,10,2024-04-17T00:00:00,CRS826044,"[""MOD073819"", ""MOD602609"", ""MOD470022"", ""MOD288089"", ""MOD782676"", ""MOD125268"", ""MOD952839"", ""MOD287801"", ""MOD028050""]",Web Development,True,SCH563138,2024-02-07T00:00:00,"[""661014850"", ""839010003"", ""285379040"", ""203806506"", ""659746654"", ""276955481"", ""907199433"", ""838176152"", ""998990500"", ""986266570"", ""753997323"", ""203383435"", ""136763180"", ""509869863"", ""274227731"", ""395384672"", ""986618566"", ""500894085"", ""651566505"", ""700295880"", ""519317200"", ""545434474"", ""344616483"", ""188198951"", ""915879678"", ""808888192"", ""228567903"", ""954566630"", ""580202000"", ""294060282""]",Physical Education,"[""866005309""]",2025-03-31T18:05:19.790350
DQI47P,2025-03-31T18:05:19.759102,This course covers the fundamentals of Studio Art. Students will learn key concepts and practical applications.,13,2024-05-12T00:00:00,CRS826262,"[""MOD093391"", ""MOD871068"", ""MOD871910"", ""MOD553508"", ""MOD753901"", ""MOD010701"", ""MOD966948"", ""MOD242527"", ""MOD817839"", ""MOD277555"", ""MOD947178""]",Studio Art,True,SCH563138,2024-02-11T00:00:00,"[""274227731"", ""661014850"", ""203383435"", ""659746654"", ""509869863"", ""344616483"", ""294060282"", ""954566630"", ""188198951"", ""285379040"", ""276955481"", ""808888192"", ""228567903"", ""395384672"", ""753997323"", ""915879678"", ""907199433"", ""986618566"", ""986266570"", ""998990500"", ""203806506"", ""136763180"", ""839010003"", ""700295880"", ""545434474"", ""651566505"", ""838176152"", ""580202000"", ""500894085"", ""519317200""]",Art,"[""267560424""]",2025-03-31T18:05:19.781112
O19LJE,2025-03-31T18:05:19.759102,This course covers the fundamentals of Photography. Students will learn key concepts and practical applications.,12,2023-12-07T00:00:00,CRS751708,"[""MOD460448"", ""MOD637452"", ""MOD523372"", ""MOD904792"", ""MOD375146"", ""MOD745763"", ""MOD526198"", ""MOD419779"", ""MOD171837"", ""MOD657858""]",Photography,True,SCH563138,2023-09-14T00:00:00,"[""954566630"", ""274227731"", ""700295880"", ""580202000"", ""545434474"", ""188198951"", ""986618566"", ""500894085"", ""136763180"", ""228567903"", ""753997323"", ""285379040"", ""808888192"", ""915879678"", ""986266570"", ""276955481"", ""659746654"", ""344616483"", ""651566505"", ""294060282"", ""509869863"", ""519317200"", ""998990500"", ""203806506"", ""838176152"", ""839010003"", ""203383435"", ""661014850"", ""907199433""]",Social Studies,"[""699786371""]",2025-03-31T18:05:19.781112
