courses,createdAt,email,entryYear,gradeLevel,id,name,phone,schoolId,totalScore,type,updatedAt
"[""CRS282114"", ""CRS563301"", ""CRS279712"", ""CRS636333"", ""CRS445791"", ""CRS829699""]",2025-03-31T18:05:19.761101,spencer652@student.revoducate.edu,2020,12,770008099,Spencer Anderson,490.460.9012x1181,SCH594112,91.7,student,2025-03-31T18:05:19.792349
"[""CRS282114"", ""CRS563301"", ""CRS279712"", ""CRS445791"", ""CRS010114"", ""CRS829699"", ""CRS636333""]",2025-03-31T18:05:19.763102,lori965@student.revoducate.edu,2022,10,175298707,Lori Rodriguez,+1-973-938-8484x288,SCH594112,60.1,student,2025-03-31T18:05:19.794666
"[""CRS282114"", ""CRS563301"", ""CRS279712"", ""CRS829699"", ""CRS636333"", ""CRS445791"", ""CRS010114""]",2025-03-31T18:05:19.761101,sherry211@student.revoducate.edu,2022,10,313178130,Sherry Greer,(275)656-3654x1367,SCH594112,83.6,student,2025-03-31T18:05:19.796669
"[""CRS282114"", ""CRS563301"", ""CRS279712"", ""CRS636333"", ""CRS445791"", ""CRS010114"", ""CRS829699""]",2025-03-31T18:05:19.761101,scott152@student.revoducate.edu,2020,12,127372074,Scott Rollins,2555112134,SCH594112,67.8,student,2025-03-31T18:05:19.798176
"[""CRS282114"", ""CRS563301"", ""CRS279712"", ""CRS636333"", ""CRS010114"", ""CRS829699""]",2025-03-31T18:05:19.761101,angela638@student.revoducate.edu,2023,9,959279485,Angela Lowe,(639)247-1479x32616,SCH594112,78.1,student,2025-03-31T18:05:19.800175
"[""CRS282114"", ""CRS563301"", ""CRS279712"", ""CRS829699"", ""CRS445791"", ""CRS010114"", ""CRS636333""]",2025-03-31T18:05:19.761101,derek276@student.revoducate.edu,2021,11,341148075,Derek George,(206)319-4422,SCH594112,77.5,student,2025-03-31T18:05:19.802736
"[""CRS282114"", ""CRS563301"", ""CRS279712"", ""CRS636333"", ""CRS445791"", ""CRS010114"", ""CRS829699""]",2025-03-31T18:05:19.761101,justin562@student.revoducate.edu,2022,10,639981605,Justin Townsend,436.888.3573x9417,SCH594112,58.5,student,2025-03-31T18:05:19.804751
"[""CRS282114"", ""CRS563301"", ""CRS279712"", ""CRS829699"", ""CRS010114"", ""CRS636333""]",2025-03-31T18:05:19.761101,jacqueline440@student.revoducate.edu,2021,11,629493943,Jacqueline Lowery,698.843.7566x94697,SCH594112,71.7,student,2025-03-31T18:05:19.806751
"[""CRS282114"", ""CRS563301"", ""CRS279712"", ""CRS829699"", ""CRS636333"", ""CRS445791"", ""CRS010114""]",2025-03-31T18:05:19.761101,alexis822@student.revoducate.edu,2020,12,236484073,Alexis Elliott,466.852.3810x4708,SCH594112,64.6,student,2025-03-31T18:05:19.807962
"[""CRS282114"", ""CRS563301"", ""CRS279712"", ""CRS829699"", ""CRS636333"", ""CRS445791"", ""CRS010114""]",2025-03-31T18:05:19.761101,james334@student.revoducate.edu,2022,10,917567129,James Burton,(701)855-8431x590,SCH594112,60.9,student,2025-03-31T18:05:19.809963
"[""CRS282114"", ""CRS563301"", ""CRS279712"", ""CRS636333"", ""CRS010114"", ""CRS829699""]",2025-03-31T18:05:19.761101,shelly801@student.revoducate.edu,2022,10,417381217,Shelly Allen,816-858-2485,SCH594112,92.4,student,2025-03-31T18:05:19.813463
"[""CRS282114"", ""CRS563301"", ""CRS279712"", ""CRS829699"", ""CRS636333"", ""CRS445791"", ""CRS010114""]",2025-03-31T18:05:19.761101,david549@student.revoducate.edu,2022,10,867933678,David Mann,(466)551-1641,SCH594112,71.4,student,2025-03-31T18:05:19.815464
"[""CRS282114"", ""CRS563301"", ""CRS279712"", ""CRS829699"", ""CRS636333"", ""CRS445791"", ""CRS010114""]",2025-03-31T18:05:19.761101,sheila377@student.revoducate.edu,2020,12,693450520,Sheila Clark,442-610-2619x2621,SCH594112,63.1,student,2025-03-31T18:05:19.817989
"[""CRS282114"", ""CRS563301"", ""CRS279712"", ""CRS829699"", ""CRS636333"", ""CRS445791"", ""CRS010114""]",2025-03-31T18:05:19.761101,kenneth678@student.revoducate.edu,2022,10,197970064,Kenneth Brennan,696.345.6725x2091,SCH594112,53.0,student,2025-03-31T18:05:19.820004
"[""CRS282114"", ""CRS563301"", ""CRS279712"", ""CRS829699"", ""CRS636333"", ""CRS445791"", ""CRS010114""]",2025-03-31T18:05:19.761101,derek551@student.revoducate.edu,2023,9,603729107,Derek Carr,4173001519,SCH594112,80.1,student,2025-03-31T18:05:19.821922
"[""CRS282114"", ""CRS563301"", ""CRS279712"", ""CRS829699"", ""CRS445791"", ""CRS010114"", ""CRS636333""]",2025-03-31T18:05:19.761101,william283@student.revoducate.edu,2022,10,782600743,William Miller,482.915.1993x179,SCH594112,85.8,student,2025-03-31T18:05:19.823426
"[""CRS282114"", ""CRS563301"", ""CRS279712"", ""CRS829699"", ""CRS445791"", ""CRS010114"", ""CRS636333""]",2025-03-31T18:05:19.761101,william47@student.revoducate.edu,2020,12,931338096,William Mccall,+1-424-441-7161,SCH594112,80.4,student,2025-03-31T18:05:19.826933
"[""CRS563301"", ""CRS279712"", ""CRS636333"", ""CRS010114"", ""CRS282114"", ""CRS829699"", ""CRS445791""]",2025-03-31T18:05:19.763102,felicia815@student.revoducate.edu,2022,10,726896308,Felicia Anthony,585.455.7032x593,SCH594112,84.3,student,2025-03-31T18:05:19.829366
"[""CRS279712"", ""CRS829699"", ""CRS636333"", ""CRS010114"", ""CRS282114""]",2025-03-31T18:05:19.763102,taylor353@student.revoducate.edu,2021,11,604144517,Taylor Barry,+1-229-251-4867x56657,SCH594112,77.8,student,2025-03-31T18:05:19.831365
"[""CRS279712"", ""CRS636333"", ""CRS445791"", ""CRS010114"", ""CRS829699""]",2025-03-31T18:05:19.763102,lauren190@student.revoducate.edu,2023,9,267396244,Lauren Jones,001-330-435-7041x5552,SCH594112,71.8,student,2025-03-31T18:05:19.833365
"[""CRS279712"", ""CRS636333"", ""CRS445791"", ""CRS010114"", ""CRS282114"", ""CRS563301"", ""CRS829699""]",2025-03-31T18:05:19.763102,lauren165@student.revoducate.edu,2022,10,415468853,Lauren Miller,3678388162,SCH594112,70.0,student,2025-03-31T18:05:19.835434
"[""CRS279712"", ""CRS636333"", ""CRS829699"", ""CRS445791""]",2025-03-31T18:05:19.763102,jennifer857@student.revoducate.edu,2020,12,837453225,Jennifer Torres,(826)920-3306,SCH594112,64.1,student,2025-03-31T18:05:19.836952
"[""CRS279712"", ""CRS829699"", ""CRS636333"", ""CRS445791"", ""CRS010114"", ""CRS563301""]",2025-03-31T18:05:19.763102,jennifer534@student.revoducate.edu,2020,12,343135812,Jennifer Evans,833-253-4421,SCH594112,71.9,student,2025-03-31T18:05:19.838467
"[""CRS279712"", ""CRS829699"", ""CRS636333"", ""CRS010114"", ""CRS282114"", ""CRS563301"", ""CRS445791""]",2025-03-31T18:05:19.763102,cody59@student.revoducate.edu,2021,11,264883017,Cody Carroll,(274)559-0265,SCH594112,81.0,student,2025-03-31T18:05:19.841471
"[""CRS279712"", ""CRS636333"", ""CRS445791"", ""CRS563301"", ""CRS829699""]",2025-03-31T18:05:19.763102,sabrina118@student.revoducate.edu,2021,11,534063894,Sabrina Wilson,001-993-867-3330x6143,SCH594112,79.0,student,2025-03-31T18:05:19.842471
"[""CRS279712"", ""CRS636333"", ""CRS010114"", ""CRS563301"", ""CRS829699"", ""CRS445791""]",2025-03-31T18:05:19.763102,barbara768@student.revoducate.edu,2022,10,153597730,Barbara Rodriguez,001-379-941-2979x6469,SCH594112,87.6,student,2025-03-31T18:05:19.844487
"[""CRS279712"", ""CRS636333"", ""CRS010114"", ""CRS282114"", ""CRS563301"", ""CRS829699"", ""CRS445791""]",2025-03-31T18:05:19.763102,scott663@student.revoducate.edu,2022,10,495380033,Scott Glenn,(540)664-5315x2110,SCH594112,51.9,student,2025-03-31T18:05:19.846991
"[""CRS279712"", ""CRS636333"", ""CRS445791"", ""CRS010114"", ""CRS282114"", ""CRS563301"", ""CRS829699""]",2025-03-31T18:05:19.763102,leah144@student.revoducate.edu,2022,10,192694670,Leah Smith,001-565-658-2108x177,SCH594112,82.5,student,2025-03-31T18:05:19.850995
"[""CRS279712"", ""CRS829699"", ""CRS636333"", ""CRS282114"", ""CRS563301"", ""CRS010114""]",2025-03-31T18:05:19.763102,sergio214@student.revoducate.edu,2020,12,136879001,Sergio Moss,(262)359-5062,SCH594112,72.5,student,2025-03-31T18:05:19.852995
"[""CRS279712"", ""CRS636333"", ""CRS282114"", ""CRS563301"", ""CRS829699"", ""CRS010114""]",2025-03-31T18:05:19.763102,caroline848@student.revoducate.edu,2021,11,764774023,Caroline Parsons,001-471-947-0944x6439,SCH594112,61.2,student,2025-03-31T18:05:19.854994
"[""CRS237240"", ""CRS384403"", ""CRS878123"", ""CRS171035"", ""CRS393309"", ""CRS843136"", ""CRS159759"", ""CRS182491"", ""CRS435216""]",2025-03-31T18:05:19.763102,diane24@student.אורטבהאמס.edu,2021,11,737215922,Diane Gregory,+1-707-971-0140x56458,SCH215402,77.4,student,2025-03-31T18:05:19.859024
"[""CRS237240"", ""CRS878123"", ""CRS182491"", ""CRS171035"", ""CRS393309"", ""CRS843136"", ""CRS435216"", ""CRS384403"", ""CRS159759""]",2025-03-31T18:05:19.765101,mary648@student.אורטבהאמס.edu,2022,10,353558632,Mary Phillips,(462)528-3816x21181,SCH215402,81.7,student,2025-03-31T18:05:19.864535
"[""CRS237240"", ""CRS384403"", ""CRS878123"", ""CRS182491"", ""CRS171035"", ""CRS393309"", ""CRS843136"", ""CRS159759"", ""CRS435216""]",2025-03-31T18:05:19.763102,kerri254@student.אורטבהאמס.edu,2023,9,626154106,Kerri Foley,001-497-708-5511x18042,SCH215402,88.6,student,2025-03-31T18:05:19.868542
"[""CRS237240"", ""CRS384403"", ""CRS878123"", ""CRS171035"", ""CRS393309"", ""CRS843136"", ""CRS159759"", ""CRS435216"", ""CRS182491""]",2025-03-31T18:05:19.765813,daniel482@student.אורטבהאמס.edu,2023,9,573992900,Daniel Barrett,(928)278-1954x74226,SCH215402,66.4,student,2025-03-31T18:05:19.872545
"[""CRS237240"", ""CRS878123"", ""CRS171035"", ""CRS393309"", ""CRS843136"", ""CRS435216"", ""CRS384403"", ""CRS182491"", ""CRS159759""]",2025-03-31T18:05:19.766100,gloria488@student.אורטבהאמס.edu,2022,10,661823488,Gloria Anderson,(991)873-0971,SCH215402,66.1,student,2025-03-31T18:05:19.877051
"[""CRS237240"", ""CRS878123"", ""CRS182491"", ""CRS171035"", ""CRS393309"", ""CRS843136"", ""CRS384403"", ""CRS159759"", ""CRS435216""]",2025-03-31T18:05:19.766100,alicia107@student.אורטבהאמס.edu,2023,9,909992825,Alicia Anthony,+1-528-537-7260x78171,SCH215402,84.5,student,2025-03-31T18:05:19.882558
"[""CRS237240"", ""CRS878123"", ""CRS182491"", ""CRS171035"", ""CRS393309"", ""CRS843136"", ""CRS435216"", ""CRS384403"", ""CRS159759""]",2025-03-31T18:05:19.763102,kevin857@student.אורטבהאמס.edu,2020,12,613980951,Kevin Hall,293-388-8443x9005,SCH215402,60.5,student,2025-03-31T18:05:19.887062
"[""CRS237240"", ""CRS384403"", ""CRS878123"", ""CRS182491"", ""CRS171035"", ""CRS393309"", ""CRS843136"", ""CRS159759"", ""CRS435216""]",2025-03-31T18:05:19.765813,craig129@student.אורטבהאמס.edu,2020,12,455419642,Craig Martinez,+1-874-869-8457x225,SCH215402,76.3,student,2025-03-31T18:05:19.890569
"[""CRS237240"", ""CRS878123"", ""CRS171035"", ""CRS393309"", ""CRS843136"", ""CRS159759"", ""CRS384403"", ""CRS182491"", ""CRS435216""]",2025-03-31T18:05:19.765101,richard249@student.אורטבהאמס.edu,2021,11,513258753,Richard Ewing,912-984-4570,SCH215402,84.4,student,2025-03-31T18:05:19.896569
"[""CRS237240"", ""CRS878123"", ""CRS171035"", ""CRS393309"", ""CRS843136"", ""CRS384403"", ""CRS182491"", ""CRS159759""]",2025-03-31T18:05:19.763102,christian614@student.אורטבהאמס.edu,2021,11,573969227,Christian Stevens,+1-284-668-9275x42959,SCH215402,77.1,student,2025-03-31T18:05:19.900696
"[""CRS237240"", ""CRS384403"", ""CRS878123"", ""CRS182491"", ""CRS171035"", ""CRS393309"", ""CRS843136"", ""CRS435216"", ""CRS159759""]",2025-03-31T18:05:19.765101,tammy179@student.אורטבהאמס.edu,2022,10,934180162,Tammy Davis,2807509510,SCH215402,90.3,student,2025-03-31T18:05:19.904779
"[""CRS237240"", ""CRS384403"", ""CRS878123"", ""CRS171035"", ""CRS393309"", ""CRS843136"", ""CRS159759"", ""CRS435216"", ""CRS182491""]",2025-03-31T18:05:19.765813,adam295@student.אורטבהאמס.edu,2021,11,764756337,Adam Gilbert,(493)943-2788x315,SCH215402,75.6,student,2025-03-31T18:05:19.910021
"[""CRS237240"", ""CRS384403"", ""CRS878123"", ""CRS171035"", ""CRS393309"", ""CRS843136"", ""CRS159759"", ""CRS435216"", ""CRS182491""]",2025-03-31T18:05:19.765101,brandon856@student.אורטבהאמס.edu,2020,12,824629828,Brandon Brady,609.871.6201,SCH215402,72.8,student,2025-03-31T18:05:19.915231
"[""CRS237240"", ""CRS878123"", ""CRS171035"", ""CRS393309"", ""CRS843136"", ""CRS384403"", ""CRS182491"", ""CRS159759"", ""CRS435216""]",2025-03-31T18:05:19.765101,kara430@student.אורטבהאמס.edu,2022,10,603790981,Kara Gutierrez,001-426-478-1953x47024,SCH215402,67.5,student,2025-03-31T18:05:19.918738
"[""CRS237240"", ""CRS384403"", ""CRS878123"", ""CRS182491"", ""CRS393309"", ""CRS843136"", ""CRS159759"", ""CRS171035""]",2025-03-31T18:05:19.765101,jennifer268@student.אורטבהאמס.edu,2020,12,188945190,Jennifer Baker,+1-262-902-9011x7276,SCH215402,77.2,student,2025-03-31T18:05:19.924737
"[""CRS237240"", ""CRS384403"", ""CRS878123"", ""CRS182491"", ""CRS171035"", ""CRS843136"", ""CRS435216"", ""CRS393309"", ""CRS159759""]",2025-03-31T18:05:19.763102,rachel835@student.אורטבהאמס.edu,2020,12,479054830,Rachel Keller,285-593-4318x65516,SCH215402,62.2,student,2025-03-31T18:05:19.928744
"[""CRS237240"", ""CRS384403"", ""CRS878123"", ""CRS182491"", ""CRS171035"", ""CRS393309"", ""CRS843136"", ""CRS159759"", ""CRS435216""]",2025-03-31T18:05:19.765101,karen936@student.אורטבהאמס.edu,2022,10,843130297,Karen Dunn,756.586.9551x731,SCH215402,86.5,student,2025-03-31T18:05:19.934748
"[""CRS237240"", ""CRS384403"", ""CRS878123"", ""CRS182491"", ""CRS393309"", ""CRS843136"", ""CRS171035"", ""CRS159759"", ""CRS435216""]",2025-03-31T18:05:19.765101,christian474@student.אורטבהאמס.edu,2020,12,573159212,Christian Vaughan,681.474.3903x76745,SCH215402,75.1,student,2025-03-31T18:05:19.938754
"[""CRS237240"", ""CRS384403"", ""CRS878123"", ""CRS182491"", ""CRS171035"", ""CRS393309"", ""CRS843136"", ""CRS159759"", ""CRS435216""]",2025-03-31T18:05:19.766100,elaine472@student.אורטבהאמס.edu,2022,10,604894409,Elaine Miller,932.214.4601x568,SCH215402,75.3,student,2025-03-31T18:05:19.944758
"[""CRS237240"", ""CRS878123"", ""CRS182491"", ""CRS171035"", ""CRS393309"", ""CRS843136"", ""CRS159759"", ""CRS435216"", ""CRS384403""]",2025-03-31T18:05:19.765101,melanie221@student.אורטבהאמס.edu,2022,10,737404156,Melanie Lee,410-518-6679,SCH215402,66.6,student,2025-03-31T18:05:19.948765
"[""CRS237240"", ""CRS384403"", ""CRS878123"", ""CRS171035"", ""CRS843136"", ""CRS435216"", ""CRS182491"", ""CRS393309"", ""CRS159759""]",2025-03-31T18:05:19.763102,catherine122@student.אורטבהאמס.edu,2020,12,555642499,Catherine Horne,(293)427-2963x421,SCH215402,88.0,student,2025-03-31T18:05:19.954769
"[""CRS237240"", ""CRS878123"", ""CRS843136"", ""CRS159759"", ""CRS435216"", ""CRS384403"", ""CRS182491"", ""CRS393309""]",2025-03-31T18:05:19.763102,jane258@student.אורטבהאמס.edu,2020,12,767268515,Jane Austin,803-865-5992x232,SCH215402,83.9,student,2025-03-31T18:05:19.958776
"[""CRS237240"", ""CRS878123"", ""CRS171035"", ""CRS393309"", ""CRS843136"", ""CRS435216"", ""CRS182491"", ""CRS159759""]",2025-03-31T18:05:19.763102,emma560@student.אורטבהאמס.edu,2022,10,510835240,Emma Moran,614.794.9344x18501,SCH215402,64.3,student,2025-03-31T18:05:19.964779
"[""CRS237240"", ""CRS384403"", ""CRS878123"", ""CRS393309"", ""CRS843136"", ""CRS159759"", ""CRS182491"", ""CRS435216""]",2025-03-31T18:05:19.763102,christopher779@student.אורטבהאמס.edu,2023,9,290406607,Christopher Hanson,793-447-7521x6603,SCH215402,90.1,student,2025-03-31T18:05:19.969234
"[""CRS843136"", ""CRS237240"", ""CRS384403"", ""CRS878123"", ""CRS182491"", ""CRS171035"", ""CRS393309"", ""CRS159759"", ""CRS435216""]",2025-03-31T18:05:19.766100,amy893@student.אורטבהאמס.edu,2021,11,895891539,Amy Williams,268.365.1274,SCH215402,63.9,student,2025-03-31T18:05:19.975233
"[""CRS843136"", ""CRS237240"", ""CRS384403"", ""CRS182491"", ""CRS171035"", ""CRS393309"", ""CRS159759"", ""CRS435216""]",2025-03-31T18:05:19.766603,maria280@student.אורטבהאמס.edu,2022,10,842108539,Maria Ward,001-742-602-1009x8909,SCH215402,69.3,student,2025-03-31T18:05:19.980739
"[""CRS843136"", ""CRS435216"", ""CRS237240"", ""CRS182491"", ""CRS393309"", ""CRS159759""]",2025-03-31T18:05:19.766603,daniel36@student.אורטבהאמס.edu,2023,9,104731796,Daniel Lamb,+1-568-723-9840,SCH215402,88.3,student,2025-03-31T18:05:19.982739
"[""CRS843136"", ""CRS159759"", ""CRS384403"", ""CRS878123"", ""CRS182491"", ""CRS171035"", ""CRS393309"", ""CRS435216""]",2025-03-31T18:05:19.766603,brandon582@student.אורטבהאמס.edu,2021,11,754749508,Brandon Sharp,868.439.9633,SCH215402,57.2,student,2025-03-31T18:05:19.988746
"[""CRS843136"", ""CRS237240"", ""CRS878123"", ""CRS182491"", ""CRS171035"", ""CRS393309"", ""CRS159759"", ""CRS435216""]",2025-03-31T18:05:19.766603,tammy456@student.אורטבהאמס.edu,2021,11,380666039,Tammy Thomas,728-871-0914x9455,SCH215402,70.3,student,2025-03-31T18:05:19.994749
"[""CRS242944"", ""CRS687693"", ""CRS923542"", ""CRS273627"", ""CRS408913""]",2025-03-31T18:05:19.768116,aaron846@student.ביתספרקציר-משגב.edu,2021,11,448334703,Aaron Clark,+1-960-812-4089x013,SCH278430,60.2,student,2025-03-31T18:05:19.997254
"[""CRS242944"", ""CRS273627"", ""CRS687693"", ""CRS408913"", ""CRS923542"", ""CRS596208""]",2025-03-31T18:05:19.768116,kelly433@student.ביתספרקציר-משגב.edu,2023,9,808117610,Kelly Reid,891-309-7703,SCH278430,88.5,student,2025-03-31T18:05:20.000760
"[""CRS242944"", ""CRS687693"", ""CRS923542"", ""CRS273627"", ""CRS596208""]",2025-03-31T18:05:19.768116,amber714@student.ביתספרקציר-משגב.edu,2021,11,914342119,Amber King,539-214-6044x575,SCH278430,76.3,student,2025-03-31T18:05:20.002760
"[""CRS242944"", ""CRS273627"", ""CRS687693"", ""CRS596208"", ""CRS408913""]",2025-03-31T18:05:19.768116,anthony810@student.ביתספרקציר-משגב.edu,2020,12,930697650,Anthony Novak,713.788.7889,SCH278430,85.3,student,2025-03-31T18:05:20.007263
"[""CRS242944"", ""CRS687693"", ""CRS408913"", ""CRS923542"", ""CRS596208"", ""CRS273627""]",2025-03-31T18:05:19.768116,angelica234@student.ביתספרקציר-משגב.edu,2023,9,168542464,Angelica Larson,001-368-343-9154,SCH278430,83.7,student,2025-03-31T18:05:20.010770
"[""CRS242944"", ""CRS687693"", ""CRS408913"", ""CRS923542"", ""CRS273627"", ""CRS596208""]",2025-03-31T18:05:19.768116,kurt372@student.ביתספרקציר-משגב.edu,2022,10,423298645,Kurt Hunt,592-653-1493,SCH278430,66.6,student,2025-03-31T18:05:20.014770
"[""CRS242944"", ""CRS273627"", ""CRS687693"", ""CRS408913"", ""CRS923542"", ""CRS596208""]",2025-03-31T18:05:19.766603,robert12@student.ביתספרקציר-משגב.edu,2021,11,401620787,Robert Moss,4145032429,SCH278430,66.6,student,2025-03-31T18:05:20.018683
"[""CRS242944"", ""CRS273627"", ""CRS687693"", ""CRS923542"", ""CRS596208"", ""CRS408913""]",2025-03-31T18:05:19.766603,patricia204@student.ביתספרקציר-משגב.edu,2023,9,393833930,Patricia Rodriguez,755.373.4024,SCH278430,52.7,student,2025-03-31T18:05:20.022834
"[""CRS242944"", ""CRS273627"", ""CRS687693"", ""CRS408913"", ""CRS923542"", ""CRS596208""]",2025-03-31T18:05:19.768116,kimberly486@student.ביתספרקציר-משגב.edu,2020,12,653387960,Kimberly Calderon,964.954.3491,SCH278430,77.5,student,2025-03-31T18:05:20.026677
"[""CRS242944"", ""CRS687693"", ""CRS408913"", ""CRS923542"", ""CRS596208"", ""CRS273627""]",2025-03-31T18:05:19.768116,john239@student.ביתספרקציר-משגב.edu,2022,10,323878220,John Marshall,+1-896-322-4976,SCH278430,82.8,student,2025-03-31T18:05:20.029828
"[""CRS242944"", ""CRS273627"", ""CRS687693"", ""CRS923542"", ""CRS408913"", ""CRS596208""]",2025-03-31T18:05:19.768116,anthony300@student.ביתספרקציר-משגב.edu,2020,12,605297813,Anthony Olson,928.339.7472x49267,SCH278430,86.3,student,2025-03-31T18:05:20.033832
"[""CRS242944"", ""CRS273627"", ""CRS687693"", ""CRS408913"", ""CRS923542""]",2025-03-31T18:05:19.766603,ann900@student.ביתספרקציר-משגב.edu,2020,12,373405527,Ann Walsh,805-607-1681x820,SCH278430,71.3,student,2025-03-31T18:05:20.036725
"[""CRS242944"", ""CRS273627"", ""CRS687693"", ""CRS408913"", ""CRS923542"", ""CRS596208""]",2025-03-31T18:05:19.766603,matthew899@student.ביתספרקציר-משגב.edu,2022,10,868158341,Matthew Bryant,001-768-758-7721x8655,SCH278430,58.3,student,2025-03-31T18:05:20.040256
"[""CRS242944"", ""CRS273627"", ""CRS923542"", ""CRS687693"", ""CRS408913""]",2025-03-31T18:05:19.766603,anthony352@student.ביתספרקציר-משגב.edu,2020,12,519495818,Anthony Garrison,+1-811-992-8378x705,SCH278430,82.9,student,2025-03-31T18:05:20.044260
"[""CRS242944"", ""CRS273627"", ""CRS687693"", ""CRS408913"", ""CRS923542"", ""CRS596208""]",2025-03-31T18:05:19.768116,alexandria392@student.ביתספרקציר-משגב.edu,2020,12,761582992,Alexandria Andrews,001-750-442-1041,SCH278430,88.2,student,2025-03-31T18:05:20.046763
"[""CRS242944"", ""CRS273627"", ""CRS687693"", ""CRS923542"", ""CRS596208"", ""CRS408913""]",2025-03-31T18:05:19.766603,larry736@student.ביתספרקציר-משגב.edu,2020,12,323938738,Larry Fischer,(814)414-7157x5490,SCH278430,88.2,student,2025-03-31T18:05:20.050767
"[""CRS242944"", ""CRS273627"", ""CRS687693"", ""CRS923542"", ""CRS408913"", ""CRS596208""]",2025-03-31T18:05:19.766603,robert74@student.ביתספרקציר-משגב.edu,2020,12,251691288,Robert Patton,+1-701-616-6513,SCH278430,87.6,student,2025-03-31T18:05:20.054767
"[""CRS242944"", ""CRS273627"", ""CRS687693"", ""CRS923542"", ""CRS596208""]",2025-03-31T18:05:19.766603,laura181@student.ביתספרקציר-משגב.edu,2021,11,668178790,Laura King,(898)966-2118x92419,SCH278430,72.9,student,2025-03-31T18:05:20.058773
"[""CRS242944"", ""CRS273627"", ""CRS687693"", ""CRS923542"", ""CRS408913""]",2025-03-31T18:05:19.768116,gregory64@student.ביתספרקציר-משגב.edu,2022,10,922824237,Gregory Young,(998)762-7425x42490,SCH278430,90.6,student,2025-03-31T18:05:20.062777
"[""CRS242944"", ""CRS273627"", ""CRS687693"", ""CRS408913"", ""CRS596208"", ""CRS923542""]",2025-03-31T18:05:19.768116,scott730@student.ביתספרקציר-משגב.edu,2020,12,419629533,Scott Jackson,368.326.6686x212,SCH278430,67.1,student,2025-03-31T18:05:20.066779
"[""CRS242944"", ""CRS273627"", ""CRS687693"", ""CRS408913"", ""CRS923542"", ""CRS596208""]",2025-03-31T18:05:19.768116,joshua775@student.ביתספרקציר-משגב.edu,2021,11,824199372,Joshua Rivas,(735)285-5621,SCH278430,90.0,student,2025-03-31T18:05:20.070790
"[""CRS242944"", ""CRS273627"", ""CRS687693"", ""CRS408913""]",2025-03-31T18:05:19.768116,timothy704@student.ביתספרקציר-משגב.edu,2023,9,782282063,Timothy Townsend,+1-760-371-6886x449,SCH278430,86.3,student,2025-03-31T18:05:20.072793
"[""CRS242944"", ""CRS687693"", ""CRS273627"", ""CRS408913"", ""CRS923542"", ""CRS596208""]",2025-03-31T18:05:19.766603,christopher701@student.ביתספרקציר-משגב.edu,2022,10,940556342,Christopher Hawkins,389.247.1472x7361,SCH278430,68.1,student,2025-03-31T18:05:20.077294
"[""CRS242944"", ""CRS273627"", ""CRS687693"", ""CRS923542"", ""CRS596208"", ""CRS408913""]",2025-03-31T18:05:19.766603,marissa193@student.ביתספרקציר-משגב.edu,2023,9,303484952,Marissa Wong,(809)493-2308,SCH278430,66.0,student,2025-03-31T18:05:20.080803
"[""CRS242944"", ""CRS687693"", ""CRS923542"", ""CRS273627"", ""CRS408913"", ""CRS596208""]",2025-03-31T18:05:19.768116,brandon697@student.ביתספרקציר-משגב.edu,2022,10,704294624,Brandon Parker,+1-379-783-1805x4701,SCH278430,77.3,student,2025-03-31T18:05:20.084802
"[""CRS242944"", ""CRS273627"", ""CRS687693"", ""CRS923542"", ""CRS408913""]",2025-03-31T18:05:19.766603,sherry807@student.ביתספרקציר-משגב.edu,2022,10,210972154,Sherry Patterson,(548)597-4416,SCH278430,59.0,student,2025-03-31T18:05:20.088809
"[""CRS242944"", ""CRS273627"", ""CRS687693"", ""CRS923542"", ""CRS596208"", ""CRS408913""]",2025-03-31T18:05:19.766603,mariah253@student.ביתספרקציר-משגב.edu,2021,11,686923873,Mariah Molina,001-506-781-5480x927,SCH278430,73.6,student,2025-03-31T18:05:20.092813
"[""CRS242944"", ""CRS273627"", ""CRS687693"", ""CRS408913"", ""CRS923542""]",2025-03-31T18:05:19.766603,matthew803@student.ביתספרקציר-משגב.edu,2023,9,704357745,Matthew Perez,(670)501-8044x918,SCH278430,72.9,student,2025-03-31T18:05:20.094813
"[""CRS097087"", ""CRS374203"", ""CRS120015"", ""CRS960105"", ""CRS158012"", ""CRS260684""]",2025-03-31T18:05:19.771010,stacey178@student.ביתהחינוךכרמלזבולון.edu,2021,11,879393019,Stacey Sanchez,(899)953-0037x202,SCH436822,71.9,student,2025-03-31T18:05:20.100824
"[""CRS097087"", ""CRS374203"", ""CRS260684"", ""CRS960105"", ""CRS120015""]",2025-03-31T18:05:19.768116,richard454@student.ביתהחינוךכרמלזבולון.edu,2023,9,222874330,Richard Garcia,(534)623-2595x5125,SCH436822,86.1,student,2025-03-31T18:05:20.102824
"[""CRS097087"", ""CRS374203"", ""CRS700175"", ""CRS260684"", ""CRS120015"", ""CRS960105"", ""CRS158012""]",2025-03-31T18:05:19.771010,angela173@student.ביתהחינוךכרמלזבולון.edu,2021,11,935421595,Angela Johnson,001-766-220-2373x355,SCH436822,68.2,student,2025-03-31T18:05:20.108831
"[""CRS097087"", ""CRS158012"", ""CRS260684"", ""CRS120015"", ""CRS960105"", ""CRS700175""]",2025-03-31T18:05:19.771010,brandon617@student.ביתהחינוךכרמלזבולון.edu,2020,12,494163220,Brandon Carroll,+1-662-685-1363x8592,SCH436822,65.4,student,2025-03-31T18:05:20.112835
"[""CRS097087"", ""CRS260684"", ""CRS120015"", ""CRS960105"", ""CRS158012"", ""CRS700175""]",2025-03-31T18:05:19.770120,robert342@student.ביתהחינוךכרמלזבולון.edu,2022,10,108284126,Robert Jones,612-402-9039x0675,SCH436822,59.7,student,2025-03-31T18:05:20.117339
"[""CRS097087"", ""CRS700175"", ""CRS120015"", ""CRS960105"", ""CRS158012"", ""CRS374203"", ""CRS260684""]",2025-03-31T18:05:19.770120,kyle486@student.ביתהחינוךכרמלזבולון.edu,2023,9,180713916,Kyle Newton,231.580.0455,SCH436822,81.9,student,2025-03-31T18:05:20.123139
"[""CRS097087"", ""CRS158012"", ""CRS374203"", ""CRS260684"", ""CRS120015"", ""CRS960105"", ""CRS700175""]",2025-03-31T18:05:19.770120,william166@student.ביתהחינוךכרמלזבולון.edu,2021,11,715713763,William Martin,664-728-3145,SCH436822,92.7,student,2025-03-31T18:05:20.128732
"[""CRS097087"", ""CRS700175"", ""CRS260684"", ""CRS120015"", ""CRS960105"", ""CRS158012"", ""CRS374203""]",2025-03-31T18:05:19.768116,john386@student.ביתהחינוךכרמלזבולון.edu,2020,12,684560146,John Scott,+1-320-652-3170,SCH436822,81.6,student,2025-03-31T18:05:20.133917
"[""CRS097087"", ""CRS374203"", ""CRS260684"", ""CRS120015"", ""CRS960105"", ""CRS158012"", ""CRS700175""]",2025-03-31T18:05:19.770120,harry670@student.ביתהחינוךכרמלזבולון.edu,2020,12,311160079,Harry Baker,(933)293-3200x1601,SCH436822,92.5,student,2025-03-31T18:05:20.139464
"[""CRS097087"", ""CRS700175"", ""CRS260684"", ""CRS960105"", ""CRS158012"", ""CRS374203"", ""CRS120015""]",2025-03-31T18:05:19.770120,jessica334@student.ביתהחינוךכרמלזבולון.edu,2022,10,386737024,Jessica Rodriguez,417-243-8713x962,SCH436822,64.1,student,2025-03-31T18:05:20.144612
"[""CRS097087"", ""CRS374203"", ""CRS260684"", ""CRS960105"", ""CRS158012"", ""CRS700175"", ""CRS120015""]",2025-03-31T18:05:19.770120,john128@student.ביתהחינוךכרמלזבולון.edu,2023,9,861094422,John Frey,374.822.7725,SCH436822,88.9,student,2025-03-31T18:05:20.150898
"[""CRS097087"", ""CRS158012"", ""CRS374203"", ""CRS120015"", ""CRS960105"", ""CRS260684""]",2025-03-31T18:05:19.768116,mathew177@student.ביתהחינוךכרמלזבולון.edu,2020,12,712674600,Mathew Chavez,+1-301-890-4215x316,SCH436822,71.8,student,2025-03-31T18:05:20.154767
"[""CRS097087"", ""CRS374203"", ""CRS260684"", ""CRS120015"", ""CRS960105"", ""CRS158012"", ""CRS700175""]",2025-03-31T18:05:19.770120,tammy918@student.ביתהחינוךכרמלזבולון.edu,2022,10,848192951,Tammy Potter,(760)291-2947,SCH436822,88.0,student,2025-03-31T18:05:20.160295
"[""CRS097087"", ""CRS158012"", ""CRS374203"", ""CRS700175"", ""CRS260684"", ""CRS960105"", ""CRS120015""]",2025-03-31T18:05:19.770120,jason607@student.ביתהחינוךכרמלזבולון.edu,2022,10,446884773,Jason Doyle,(903)832-9558x1910,SCH436822,95.0,student,2025-03-31T18:05:20.166798
"[""CRS097087"", ""CRS158012"", ""CRS700175"", ""CRS260684"", ""CRS120015"", ""CRS960105""]",2025-03-31T18:05:19.768116,barbara174@student.ביתהחינוךכרמלזבולון.edu,2023,9,459882110,Barbara Perry,834-788-5362x5731,SCH436822,76.8,student,2025-03-31T18:05:20.170802
"[""CRS097087"", ""CRS374203"", ""CRS260684"", ""CRS960105"", ""CRS158012"", ""CRS700175"", ""CRS120015""]",2025-03-31T18:05:19.770120,antonio233@student.ביתהחינוךכרמלזבולון.edu,2022,10,562408561,Antonio Cook,4226266777,SCH436822,80.6,student,2025-03-31T18:05:20.176802
"[""CRS097087"", ""CRS374203"", ""CRS700175"", ""CRS260684"", ""CRS120015"", ""CRS960105"", ""CRS158012""]",2025-03-31T18:05:19.771010,vincent77@student.ביתהחינוךכרמלזבולון.edu,2022,10,497154640,Vincent Ramirez,(367)265-9958x7481,SCH436822,81.2,student,2025-03-31T18:05:20.180813
"[""CRS097087"", ""CRS158012"", ""CRS374203"", ""CRS700175"", ""CRS260684"", ""CRS120015"", ""CRS960105""]",2025-03-31T18:05:19.768116,erica392@student.ביתהחינוךכרמלזבולון.edu,2022,10,942118371,Erica Davis,+1-950-202-5246x34440,SCH436822,74.1,student,2025-03-31T18:05:20.187858
"[""CRS097087"", ""CRS260684"", ""CRS120015"", ""CRS960105"", ""CRS700175""]",2025-03-31T18:05:19.770120,tony284@student.ביתהחינוךכרמלזבולון.edu,2022,10,659638291,Tony Rivera,(863)733-8367x31499,SCH436822,90.5,student,2025-03-31T18:05:20.191828
"[""CRS097087"", ""CRS374203"", ""CRS700175"", ""CRS260684"", ""CRS120015"", ""CRS960105""]",2025-03-31T18:05:19.768116,david176@student.ביתהחינוךכרמלזבולון.edu,2022,10,161135928,David Blevins,+1-921-411-0695x52479,SCH436822,67.7,student,2025-03-31T18:05:20.197015
"[""CRS097087"", ""CRS158012"", ""CRS700175"", ""CRS260684"", ""CRS120015"", ""CRS960105"", ""CRS374203""]",2025-03-31T18:05:19.770120,christine916@student.ביתהחינוךכרמלזבולון.edu,2021,11,840489835,Christine Hutchinson,+1-274-655-4256,SCH436822,70.3,student,2025-03-31T18:05:20.202019
"[""CRS097087"", ""CRS158012"", ""CRS374203"", ""CRS260684"", ""CRS120015"", ""CRS960105""]",2025-03-31T18:05:19.770120,sierra14@student.ביתהחינוךכרמלזבולון.edu,2020,12,171047323,Sierra Cook,7064572959,SCH436822,63.2,student,2025-03-31T18:05:20.206916
"[""CRS097087"", ""CRS158012"", ""CRS374203"", ""CRS120015"", ""CRS960105"", ""CRS700175"", ""CRS260684""]",2025-03-31T18:05:19.771010,suzanne614@student.ביתהחינוךכרמלזבולון.edu,2021,11,318204636,Suzanne Harris,+1-618-877-1832x986,SCH436822,84.6,student,2025-03-31T18:05:20.212919
"[""CRS097087"", ""CRS158012"", ""CRS374203"", ""CRS260684"", ""CRS960105"", ""CRS700175"", ""CRS120015""]",2025-03-31T18:05:19.771010,melinda592@student.ביתהחינוךכרמלזבולון.edu,2022,10,128413322,Melinda Fuentes,(668)581-5577x669,SCH436822,84.2,student,2025-03-31T18:05:20.218929
"[""CRS097087"", ""CRS158012"", ""CRS374203"", ""CRS700175"", ""CRS260684"", ""CRS120015"", ""CRS960105""]",2025-03-31T18:05:19.768116,samantha554@student.ביתהחינוךכרמלזבולון.edu,2023,9,886035234,Samantha Sharp,(443)656-8432,SCH436822,63.9,student,2025-03-31T18:05:20.224933
"[""CRS097087"", ""CRS158012"", ""CRS700175"", ""CRS120015"", ""CRS960105""]",2025-03-31T18:05:19.768116,adam728@student.ביתהחינוךכרמלזבולון.edu,2020,12,899122863,Adam Mason,001-925-891-1940x87829,SCH436822,89.1,student,2025-03-31T18:05:20.228939
"[""CRS960105"", ""CRS097087"", ""CRS158012"", ""CRS700175"", ""CRS120015""]",2025-03-31T18:05:19.771010,sarah571@student.ביתהחינוךכרמלזבולון.edu,2021,11,519099965,Sarah Dunn,821-485-5653x0432,SCH436822,62.8,student,2025-03-31T18:05:20.233079
"[""CRS960105"", ""CRS158012"", ""CRS374203"", ""CRS260684"", ""CRS120015""]",2025-03-31T18:05:19.771010,tara417@student.ביתהחינוךכרמלזבולון.edu,2022,10,694916018,Tara Gomez,575.375.0506x0318,SCH436822,65.2,student,2025-03-31T18:05:20.236641
"[""CRS676619"", ""CRS196654"", ""CRS622177"", ""CRS741286""]",2025-03-31T18:05:19.773014,jimmy481@student.ביתהספרקצינייםעכו.edu,2022,10,162977972,Jimmy Mckinney,(474)480-0405x99936,SCH844154,71.2,student,2025-03-31T18:05:20.240177
"[""CRS676619"", ""CRS196654"", ""CRS210243"", ""CRS741286""]",2025-03-31T18:05:19.773014,brent643@student.ביתהספרקצינייםעכו.edu,2023,9,985109683,Brent Navarro,+1-689-647-1785,SCH844154,70.9,student,2025-03-31T18:05:20.243177
"[""CRS676619"", ""CRS196654"", ""CRS210243"", ""CRS741286"", ""CRS622177""]",2025-03-31T18:05:19.772014,misty166@student.ביתהספרקצינייםעכו.edu,2022,10,627069492,Misty Sutton,820-734-4786x801,SCH844154,69.1,student,2025-03-31T18:05:20.246628
"[""CRS676619"", ""CRS196654"", ""CRS210243"", ""CRS741286""]",2025-03-31T18:05:19.773014,kimberly276@student.ביתהספרקצינייםעכו.edu,2020,12,247344825,Kimberly Weber,779-617-6272,SCH844154,81.2,student,2025-03-31T18:05:20.250632
"[""CRS676619"", ""CRS196654"", ""CRS210243"", ""CRS741286"", ""CRS622177""]",2025-03-31T18:05:19.772014,robert828@student.ביתהספרקצינייםעכו.edu,2021,11,699012941,Robert Mcclain,+1-677-484-5777x341,SCH844154,73.9,student,2025-03-31T18:05:20.254632
"[""CRS676619"", ""CRS196654"", ""CRS741286"", ""CRS622177""]",2025-03-31T18:05:19.772014,michelle172@student.ביתהספרקצינייםעכו.edu,2022,10,601886383,Michelle Crawford,522-899-4516x498,SCH844154,80.0,student,2025-03-31T18:05:20.257136
"[""CRS676619"", ""CRS196654"", ""CRS741286"", ""CRS622177"", ""CRS210243""]",2025-03-31T18:05:19.772014,taylor166@student.ביתהספרקצינייםעכו.edu,2022,10,281331393,Taylor Williams,001-275-516-5911x668,SCH844154,87.6,student,2025-03-31T18:05:20.260643
"[""CRS676619"", ""CRS196654"", ""CRS210243"", ""CRS622177"", ""CRS741286""]",2025-03-31T18:05:19.772014,kelsey762@student.ביתהספרקצינייםעכו.edu,2021,11,485507027,Kelsey Weeks,964-839-6115x2841,SCH844154,57.8,student,2025-03-31T18:05:20.266643
"[""CRS676619"", ""CRS741286"", ""CRS196654"", ""CRS210243"", ""CRS622177""]",2025-03-31T18:05:19.772014,matthew707@student.ביתהספרקצינייםעכו.edu,2022,10,348155089,Matthew Wise,424-452-2617,SCH844154,84.7,student,2025-03-31T18:05:20.270655
"[""CRS676619"", ""CRS196654"", ""CRS741286"", ""CRS210243"", ""CRS622177""]",2025-03-31T18:05:19.773014,elizabeth910@student.ביתהספרקצינייםעכו.edu,2020,12,594920489,Elizabeth Smith,(339)334-3812x033,SCH844154,88.6,student,2025-03-31T18:05:20.274884
"[""CRS676619"", ""CRS196654"", ""CRS210243"", ""CRS622177"", ""CRS741286""]",2025-03-31T18:05:19.771010,stephanie171@student.ביתהספרקצינייםעכו.edu,2023,9,629488203,Stephanie Lane,430.881.7280,SCH844154,69.1,student,2025-03-31T18:05:20.278392
"[""CRS676619"", ""CRS196654"", ""CRS210243"", ""CRS741286"", ""CRS622177""]",2025-03-31T18:05:19.773014,travis944@student.ביתהספרקצינייםעכו.edu,2020,12,863821458,Travis Vasquez,(891)200-6025,SCH844154,76.5,student,2025-03-31T18:05:20.281836
"[""CRS676619"", ""CRS196654"", ""CRS210243"", ""CRS741286"", ""CRS622177""]",2025-03-31T18:05:19.773014,lucas640@student.ביתהספרקצינייםעכו.edu,2021,11,757525022,Lucas Mcgee,609.812.1397,SCH844154,60.0,student,2025-03-31T18:05:20.286836
"[""CRS676619"", ""CRS196654"", ""CRS210243"", ""CRS741286"", ""CRS622177""]",2025-03-31T18:05:19.772014,andres762@student.ביתהספרקצינייםעכו.edu,2021,11,138391628,Andres Sanford,420.608.2395x250,SCH844154,66.7,student,2025-03-31T18:05:20.289853
"[""CRS676619"", ""CRS196654"", ""CRS210243"", ""CRS741286"", ""CRS622177""]",2025-03-31T18:05:19.772014,jodi60@student.ביתהספרקצינייםעכו.edu,2022,10,448154657,Jodi Shaw,2985499643,SCH844154,69.1,student,2025-03-31T18:05:20.295314
"[""CRS676619"", ""CRS196654"", ""CRS210243"", ""CRS741286"", ""CRS622177""]",2025-03-31T18:05:19.772014,rebecca674@student.ביתהספרקצינייםעכו.edu,2021,11,344280291,Rebecca Sutton,(798)742-1534x4388,SCH844154,73.9,student,2025-03-31T18:05:20.299820
"[""CRS676619"", ""CRS196654"", ""CRS210243""]",2025-03-31T18:05:19.773014,christina195@student.ביתהספרקצינייםעכו.edu,2021,11,216510546,Christina Payne,+1-202-280-4489x523,SCH844154,61.1,student,2025-03-31T18:05:20.301683
"[""CRS676619"", ""CRS196654"", ""CRS210243"", ""CRS622177""]",2025-03-31T18:05:19.773014,john739@student.ביתהספרקצינייםעכו.edu,2023,9,268505243,John Stevens,491.455.4702,SCH844154,79.8,student,2025-03-31T18:05:20.304682
"[""CRS676619"", ""CRS210243"", ""CRS741286"", ""CRS622177"", ""CRS196654""]",2025-03-31T18:05:19.773014,elizabeth868@student.ביתהספרקצינייםעכו.edu,2021,11,207301042,Elizabeth Johnson,375.921.8469,SCH844154,62.4,student,2025-03-31T18:05:20.309611
"[""CRS676619"", ""CRS741286"", ""CRS196654"", ""CRS210243"", ""CRS622177""]",2025-03-31T18:05:19.772014,heather465@student.ביתהספרקצינייםעכו.edu,2023,9,510977653,Heather Evans,+1-677-226-0863,SCH844154,61.9,student,2025-03-31T18:05:20.313611
"[""CRS676619"", ""CRS196654"", ""CRS210243"", ""CRS741286"", ""CRS622177""]",2025-03-31T18:05:19.773014,brian761@student.ביתהספרקצינייםעכו.edu,2020,12,342125930,Brian Chang,526.722.2138,SCH844154,69.2,student,2025-03-31T18:05:20.318242
"[""CRS676619"", ""CRS196654"", ""CRS210243"", ""CRS622177""]",2025-03-31T18:05:19.772014,matthew279@student.ביתהספרקצינייםעכו.edu,2020,12,157590909,Matthew Morales,+1-653-255-7632x41100,SCH844154,72.1,student,2025-03-31T18:05:20.321486
"[""CRS676619"", ""CRS196654"", ""CRS741286"", ""CRS622177""]",2025-03-31T18:05:19.772014,trevor256@student.ביתהספרקצינייםעכו.edu,2021,11,850006089,Trevor Winters,9319768928,SCH844154,57.3,student,2025-03-31T18:05:20.324651
"[""CRS676619"", ""CRS196654"", ""CRS622177"", ""CRS210243"", ""CRS741286""]",2025-03-31T18:05:19.773014,amber519@student.ביתהספרקצינייםעכו.edu,2023,9,447076405,Amber Murphy,(673)269-4445x631,SCH844154,77.3,student,2025-03-31T18:05:20.329376
"[""CRS676619"", ""CRS196654"", ""CRS210243"", ""CRS741286"", ""CRS622177""]",2025-03-31T18:05:19.771010,joseph546@student.ביתהספרקצינייםעכו.edu,2023,9,490137616,Joseph Harrison,3666996447,SCH844154,58.6,student,2025-03-31T18:05:20.333373
"[""CRS676619"", ""CRS196654"", ""CRS741286"", ""CRS622177""]",2025-03-31T18:05:19.773014,laurie690@student.ביתהספרקצינייםעכו.edu,2020,12,518628411,Laurie Ramsey,001-316-797-4890x83438,SCH844154,75.2,student,2025-03-31T18:05:20.336931
"[""CRS891563"", ""CRS347966"", ""CRS770000"", ""CRS936616"", ""CRS826262"", ""CRS751708"", ""CRS826044""]",2025-03-31T18:05:19.775014,kari27@student.אורטחקלאיפרדסחנה.edu,2023,9,294060282,Kari Buckley,+1-307-672-9380x97376,SCH563138,71.8,student,2025-03-31T18:05:20.342276
"[""CRS891563"", ""CRS347966"", ""CRS770000"", ""CRS936616"", ""CRS826044"", ""CRS826262"", ""CRS751708""]",2025-03-31T18:05:19.775014,albert858@student.אורטחקלאיפרדסחנה.edu,2020,12,580202000,Albert Williams,(406)644-9817x843,SCH563138,56.9,student,2025-03-31T18:05:20.347802
"[""CRS891563"", ""CRS347966"", ""CRS770000"", ""CRS936616"", ""CRS826044"", ""CRS826262"", ""CRS751708""]",2025-03-31T18:05:19.775014,mark413@student.אורטחקלאיפרדסחנה.edu,2023,9,188198951,Mark Marshall,001-962-362-7852x086,SCH563138,65.2,student,2025-03-31T18:05:20.355444
"[""CRS891563"", ""CRS347966"", ""CRS936616"", ""CRS826044"", ""CRS826262"", ""CRS751708"", ""CRS770000""]",2025-03-31T18:05:19.774013,kevin426@student.אורטחקלאיפרדסחנה.edu,2020,12,838176152,Kevin Walker,(771)881-5582x5335,SCH563138,76.5,student,2025-03-31T18:05:20.361786
"[""CRS891563"", ""CRS347966"", ""CRS770000"", ""CRS826044"", ""CRS826262"", ""CRS751708""]",2025-03-31T18:05:19.776031,michael756@student.אורטחקלאיפרדסחנה.edu,2022,10,998990500,Michael Haas,581-556-9646x14372,SCH563138,65.6,student,2025-03-31T18:05:20.366699
"[""CRS891563"", ""CRS347966"", ""CRS770000"", ""CRS826044"", ""CRS826262"", ""CRS751708"", ""CRS936616""]",2025-03-31T18:05:19.774013,darlene477@student.אורטחקלאיפרדסחנה.edu,2021,11,839010003,Darlene Brown,001-549-806-8295x61840,SCH563138,59.5,student,2025-03-31T18:05:20.372702
"[""CRS891563"", ""CRS347966"", ""CRS770000"", ""CRS826044"", ""CRS826262"", ""CRS751708"", ""CRS936616""]",2025-03-31T18:05:19.774013,james80@student.אורטחקלאיפרדסחנה.edu,2023,9,519317200,James Mcfarland,341-289-2778,SCH563138,90.7,student,2025-03-31T18:05:20.379157
"[""CRS891563"", ""CRS347966"", ""CRS770000"", ""CRS826044"", ""CRS826262"", ""CRS751708"", ""CRS936616""]",2025-03-31T18:05:19.774013,lori946@student.אורטחקלאיפרדסחנה.edu,2020,12,228567903,Lori West,472.837.9283x7853,SCH563138,57.2,student,2025-03-31T18:05:20.385157
"[""CRS891563"", ""CRS347966"", ""CRS936616"", ""CRS826044"", ""CRS826262"", ""CRS751708""]",2025-03-31T18:05:19.775014,michael450@student.אורטחקלאיפרדסחנה.edu,2020,12,915879678,Michael Graves,546.797.1138,SCH563138,69.8,student,2025-03-31T18:05:20.390915
"[""CRS891563"", ""CRS347966"", ""CRS770000"", ""CRS826044"", ""CRS826262"", ""CRS751708"", ""CRS936616""]",2025-03-31T18:05:19.775014,john358@student.אורטחקלאיפרדסחנה.edu,2022,10,545434474,John Butler,245-422-4599,SCH563138,69.8,student,2025-03-31T18:05:20.397890
"[""CRS891563"", ""CRS347966"", ""CRS936616"", ""CRS826044"", ""CRS826262"", ""CRS751708""]",2025-03-31T18:05:19.776031,joseph743@student.אורטחקלאיפרדסחנה.edu,2020,12,986618566,Joseph Martinez,+1-453-761-1772x211,SCH563138,70.0,student,2025-03-31T18:05:20.401891
"[""CRS891563"", ""CRS347966"", ""CRS826044"", ""CRS826262"", ""CRS751708""]",2025-03-31T18:05:19.776031,shawn140@student.אורטחקלאיפרדסחנה.edu,2023,9,954566630,Shawn Goodwin,426-790-1596,SCH563138,66.2,student,2025-03-31T18:05:20.407908
"[""CRS891563"", ""CRS347966"", ""CRS826044"", ""CRS826262"", ""CRS770000"", ""CRS936616""]",2025-03-31T18:05:19.776031,james282@student.אורטחקלאיפרדסחנה.edu,2023,9,395384672,James Harper,001-983-444-0467x070,SCH563138,78.2,student,2025-03-31T18:05:20.411912
"[""CRS891563"", ""CRS347966"", ""CRS936616"", ""CRS826044"", ""CRS826262"", ""CRS751708""]",2025-03-31T18:05:19.776031,christopher416@student.אורטחקלאיפרדסחנה.edu,2023,9,203806506,Christopher Walker,+1-340-461-6100,SCH563138,61.3,student,2025-03-31T18:05:20.417929
"[""CRS891563"", ""CRS347966"", ""CRS936616"", ""CRS826044"", ""CRS826262"", ""CRS751708"", ""CRS770000""]",2025-03-31T18:05:19.775014,kelsey416@student.אורטחקלאיפרדסחנה.edu,2023,9,203383435,Kelsey Obrien,001-750-718-3309x436,SCH563138,71.0,student,2025-03-31T18:05:20.425683
"[""CRS891563"", ""CRS347966"", ""CRS770000"", ""CRS826044"", ""CRS826262"", ""CRS751708""]",2025-03-31T18:05:19.776031,james279@student.אורטחקלאיפרדסחנה.edu,2022,10,500894085,James Robbins,687-281-6039,SCH563138,70.9,student,2025-03-31T18:05:20.430714
"[""CRS891563"", ""CRS347966"", ""CRS826044"", ""CRS826262"", ""CRS751708""]",2025-03-31T18:05:19.774013,jennifer600@student.אורטחקלאיפרדסחנה.edu,2021,11,274227731,Jennifer Graham,+1-321-403-0469x1987,SCH563138,75.0,student,2025-03-31T18:05:20.434133
"[""CRS891563"", ""CRS347966"", ""CRS770000"", ""CRS936616"", ""CRS826044"", ""CRS826262"", ""CRS751708""]",2025-03-31T18:05:19.774013,nicole129@student.אורטחקלאיפרדסחנה.edu,2022,10,907199433,Nicole Williams,455-866-5328,SCH563138,66.9,student,2025-03-31T18:05:20.440659
"[""CRS891563"", ""CRS347966"", ""CRS770000"", ""CRS936616"", ""CRS826044"", ""CRS826262"", ""CRS751708""]",2025-03-31T18:05:19.774013,austin501@student.אורטחקלאיפרדסחנה.edu,2020,12,509869863,Austin Harris,538.865.7002,SCH563138,71.5,student,2025-03-31T18:05:20.448669
"[""CRS891563"", ""CRS770000"", ""CRS826044"", ""CRS826262"", ""CRS751708"", ""CRS347966"", ""CRS936616""]",2025-03-31T18:05:19.774013,brett648@student.אורטחקלאיפרדסחנה.edu,2023,9,136763180,Brett Patel,001-439-882-5101,SCH563138,75.6,student,2025-03-31T18:05:20.454673
"[""CRS891563"", ""CRS347966"", ""CRS826044"", ""CRS826262"", ""CRS751708"", ""CRS770000"", ""CRS936616""]",2025-03-31T18:05:19.775014,kendra816@student.אורטחקלאיפרדסחנה.edu,2021,11,808888192,Kendra Stevens,293-781-5414x191,SCH563138,77.5,student,2025-03-31T18:05:20.461226
"[""CRS891563"", ""CRS347966"", ""CRS770000"", ""CRS936616"", ""CRS826044"", ""CRS826262"", ""CRS751708""]",2025-03-31T18:05:19.774013,steven103@student.אורטחקלאיפרדסחנה.edu,2021,11,344616483,Steven Jones,+1-512-216-8756,SCH563138,72.5,student,2025-03-31T18:05:20.467734
"[""CRS891563"", ""CRS347966"", ""CRS770000"", ""CRS936616"", ""CRS826044"", ""CRS826262"", ""CRS751708""]",2025-03-31T18:05:19.775014,benjamin927@student.אורטחקלאיפרדסחנה.edu,2022,10,661014850,Benjamin Newman,651.814.4284x2390,SCH563138,83.1,student,2025-03-31T18:05:20.473843
"[""CRS891563"", ""CRS347966"", ""CRS770000"", ""CRS826044"", ""CRS826262"", ""CRS751708"", ""CRS936616""]",2025-03-31T18:05:19.775014,karen282@student.אורטחקלאיפרדסחנה.edu,2020,12,651566505,Karen Pierce,705.593.0771x08914,SCH563138,83.1,student,2025-03-31T18:05:20.478838
"[""CRS891563"", ""CRS347966"", ""CRS770000"", ""CRS936616"", ""CRS826044"", ""CRS826262"", ""CRS751708""]",2025-03-31T18:05:19.775014,jennifer515@student.אורטחקלאיפרדסחנה.edu,2022,10,986266570,Jennifer Porter,4455854696,SCH563138,81.6,student,2025-03-31T18:05:20.486666
"[""CRS891563"", ""CRS347966"", ""CRS770000"", ""CRS936616"", ""CRS826044"", ""CRS826262"", ""CRS751708""]",2025-03-31T18:05:19.775014,renee973@student.אורטחקלאיפרדסחנה.edu,2023,9,753997323,Renee Kramer,+1-305-434-0575x89986,SCH563138,63.7,student,2025-03-31T18:05:20.493233
"[""CRS891563"", ""CRS770000"", ""CRS826044"", ""CRS826262"", ""CRS751708"", ""CRS347966"", ""CRS936616""]",2025-03-31T18:05:19.775014,cindy376@student.אורטחקלאיפרדסחנה.edu,2020,12,285379040,Cindy Pitts,8267294147,SCH563138,83.6,student,2025-03-31T18:05:20.498683
"[""CRS891563"", ""CRS347966"", ""CRS770000"", ""CRS826044"", ""CRS826262"", ""CRS751708""]",2025-03-31T18:05:19.775014,benjamin784@student.אורטחקלאיפרדסחנה.edu,2022,10,276955481,Benjamin Townsend,325.246.4880,SCH563138,92.5,student,2025-03-31T18:05:20.504683
"[""CRS891563"", ""CRS347966"", ""CRS770000"", ""CRS826044"", ""CRS826262"", ""CRS751708""]",2025-03-31T18:05:19.774013,marissa728@student.אורטחקלאיפרדסחנה.edu,2022,10,659746654,Marissa Castaneda,2948664750,SCH563138,68.2,student,2025-03-31T18:05:20.508690
"[""CRS891563"", ""CRS347966"", ""CRS770000"", ""CRS826044"", ""CRS826262"", ""CRS751708"", ""CRS936616""]",2025-03-31T18:05:19.774013,ashley30@student.אורטחקלאיפרדסחנה.edu,2021,11,700295880,Ashley Murphy,+1-334-568-8634,SCH563138,92.2,student,2025-03-31T18:05:20.516599
