courseId,createdAt,finalScore,id,studentId,totalTimeSpentMinutes,updatedAt
CRS071691,2025-03-20T18:55:29.209994,62.5,sc_bbd27ad0,261046533,2138.0,2025-03-20T18:55:29.209994
CRS071691,2025-03-20T18:55:29.210995,69.7,sc_37635d37,815823673,1916.0,2025-03-20T18:55:29.210995
CRS970510,2025-03-20T18:55:29.211274,67.6,sc_a02e7e0e,588199618,1362.0,2025-03-20T18:55:29.211274
CRS071691,2025-03-20T18:55:29.211274,49.2,sc_3865213f,835813583,2264.0,2025-03-20T18:55:29.211274
CRS877046,2025-03-20T18:55:29.211902,79.1,sc_1e8b5d22,851586492,3680.0,2025-03-20T18:55:29.211902
CRS304501,2025-03-20T18:55:29.211902,66.8,sc_43221d70,490855877,1038.0,2025-03-20T18:55:29.211902
CRS412374,2025-03-20T18:55:29.211902,81.2,sc_83c38ce6,426688101,2280.0,2025-03-20T18:55:29.211902
CRS990525,2025-03-20T18:55:29.211902,71.8,sc_42d184d4,474601945,1355.0,2025-03-20T18:55:29.211902
CRS774420,2025-03-20T18:55:29.212902,91.8,sc_ca8638c1,462168064,2016.0,2025-03-20T18:55:29.212902
CRS304501,2025-03-20T18:55:29.212902,90.1,sc_d5a9a6d3,744141028,926.0,2025-03-20T18:55:29.212902
CRS071691,2025-03-20T18:55:29.212902,86.2,sc_a0dba407,744141028,1917.0,2025-03-20T18:55:29.212902
CRS071691,2025-03-20T18:55:29.212902,62.5,sc_7d15eda4,273659987,2171.0,2025-03-20T18:55:29.212902
CRS071691,2025-03-20T18:55:29.213901,78.9,sc_6179c5fa,925634208,1796.0,2025-03-20T18:55:29.213901
CRS400533,2025-03-20T18:55:29.213901,78.6,sc_877b75be,620229852,4220.0,2025-03-20T18:55:29.213901
CRS774420,2025-03-20T18:55:29.213901,66.5,sc_5735d562,282419622,2342.0,2025-03-20T18:55:29.213901
CRS412374,2025-03-20T18:55:29.213901,75.6,sc_c25a33b7,282419622,2872.0,2025-03-20T18:55:29.213901
CRS412374,2025-03-20T18:55:29.213901,51.4,sc_91cb30a9,871509449,2509.0,2025-03-20T18:55:29.213901
CRS304501,2025-03-20T18:55:29.213901,62.5,sc_0465ffea,290005232,1317.0,2025-03-20T18:55:29.213901
CRS304501,2025-03-20T18:55:29.213901,58.2,sc_730d073d,430796590,1364.0,2025-03-20T18:55:29.213901
CRS970510,2025-03-20T18:55:29.213901,67.4,sc_5e66364d,359645642,1169.0,2025-03-20T18:55:29.213901
CRS774420,2025-03-20T18:55:29.215914,74.4,sc_ae71d42e,397511762,2134.0,2025-03-20T18:55:29.215914
CRS970510,2025-03-20T18:55:29.215914,61.5,sc_782b97ef,397511762,1509.0,2025-03-20T18:55:29.215914
CRS877046,2025-03-20T18:55:29.216340,81.6,sc_f54fcfef,634133768,3607.0,2025-03-20T18:55:29.216340
CRS990525,2025-03-20T18:55:29.216844,95.3,sc_0ac9b22d,541416093,1212.0,2025-03-20T18:55:29.216844
CRS877046,2025-03-20T18:55:29.216844,61.3,sc_f9c4c527,568750019,4540.0,2025-03-20T18:55:29.216844
CRS877046,2025-03-20T18:55:29.216844,79.9,sc_b97c3c0c,562116503,3485.0,2025-03-20T18:55:29.216844
CRS877046,2025-03-20T18:55:29.217801,75.5,sc_0cd06168,308674681,3833.0,2025-03-20T18:55:29.217801
CRS970510,2025-03-20T18:55:29.217801,71.4,sc_fcf7d6e0,564384754,1334.0,2025-03-20T18:55:29.217801
CRS071691,2025-03-20T18:55:29.218488,59.5,sc_c1a0bcb1,330470708,1921.0,2025-03-20T18:55:29.218488
CRS990525,2025-03-20T18:55:29.218488,61.5,sc_49528a2a,914801104,1344.0,2025-03-20T18:55:29.218488
CRS774420,2025-03-20T18:55:29.218488,64.7,sc_66d05b14,771042262,2491.0,2025-03-20T18:55:29.218488
CRS774420,2025-03-20T18:55:29.218488,62.0,sc_3edc2391,962097681,2546.0,2025-03-20T18:55:29.218488
CRS071691,2025-03-20T18:55:29.219518,96.0,sc_b8866733,625257805,1746.0,2025-03-20T18:55:29.219518
CRS774420,2025-03-20T18:55:29.219518,86.7,sc_55558f49,534079403,1881.0,2025-03-20T18:55:29.219518
CRS071691,2025-03-20T18:55:29.219518,56.9,sc_4c04581e,953954091,2111.0,2025-03-20T18:55:29.219518
CRS877046,2025-03-20T18:55:29.219518,70.3,sc_9062e762,247292478,3659.0,2025-03-20T18:55:29.219518
CRS071691,2025-03-20T18:55:29.220518,75.0,sc_c71503c1,264482062,2324.0,2025-03-20T18:55:29.220518
CRS877046,2025-03-20T18:55:29.220518,71.0,sc_5242d800,790720447,4030.0,2025-03-20T18:55:29.220518
CRS970510,2025-03-20T18:55:29.220518,70.6,sc_78f18a3d,939069159,1471.0,2025-03-20T18:55:29.220518
CRS990525,2025-03-20T18:55:29.221517,67.3,sc_445cc11f,242164951,1281.0,2025-03-20T18:55:29.221517
CRS412374,2025-03-20T18:55:29.221517,97.8,sc_e464dbaa,851787464,2424.0,2025-03-20T18:55:29.221517
CRS877046,2025-03-20T18:55:29.221517,79.5,sc_dacb24dc,389495622,3811.0,2025-03-20T18:55:29.221517
CRS877046,2025-03-20T18:55:29.221517,81.2,sc_a25f72a5,109283608,3682.0,2025-03-20T18:55:29.221517
CRS412374,2025-03-20T18:55:29.221517,43.5,sc_30615f43,249135231,2804.0,2025-03-20T18:55:29.221517
CRS071691,2025-03-20T18:55:29.221517,80.5,sc_770f2532,639459294,1892.0,2025-03-20T18:55:29.221517
CRS774420,2025-03-20T18:55:29.223538,82.3,sc_0f253f56,584894874,2368.0,2025-03-20T18:55:29.223538
CRS412374,2025-03-20T18:55:29.223779,67.4,sc_d19b0e49,270284472,2562.0,2025-03-20T18:55:29.223779
CRS412374,2025-03-20T18:55:29.223779,83.4,sc_26eedc69,187348404,2327.0,2025-03-20T18:55:29.223779
CRS774420,2025-03-20T18:55:29.224779,79.9,sc_bb0387fe,975762668,2257.0,2025-03-20T18:55:29.224779
CRS412374,2025-03-20T18:55:29.225298,59.8,sc_82ea6cb2,588024588,2823.0,2025-03-20T18:55:29.225298
CRS412374,2025-03-20T18:55:29.225508,50.1,sc_26b648a6,956310036,2946.0,2025-03-20T18:55:29.225508
CRS304501,2025-03-20T18:55:29.225508,75.2,sc_d124ccc0,609128584,1126.0,2025-03-20T18:55:29.225508
CRS877046,2025-03-20T18:55:29.225508,61.6,sc_c34484ff,770703868,4389.0,2025-03-20T18:55:29.225508
CRS400533,2025-03-20T18:55:29.225508,71.6,sc_1a95a0fa,323805900,4650.0,2025-03-20T18:55:29.225508
CRS877046,2025-03-20T18:55:29.227037,87.8,sc_60e93e9b,690116195,3171.0,2025-03-20T18:55:29.227037
CRS877046,2025-03-20T18:55:29.227037,71.8,sc_6b300018,745401017,3895.0,2025-03-20T18:55:29.227037
CRS877046,2025-03-20T18:55:29.228042,81.9,sc_2ae7bbe3,558402415,3625.0,2025-03-20T18:55:29.228042
CRS412374,2025-03-20T18:55:29.228042,68.8,sc_c0762cea,168950122,2978.0,2025-03-20T18:55:29.228042
CRS990525,2025-03-20T18:55:29.228042,99.8,sc_7e44582a,942859454,1153.0,2025-03-20T18:55:29.228042
CRS400533,2025-03-20T18:55:29.229047,81.1,sc_8e6a9064,458879508,3921.0,2025-03-20T18:55:29.229047
CRS071691,2025-03-20T18:55:29.229047,73.1,sc_dd6b20b2,458879508,2042.0,2025-03-20T18:55:29.229047
CRS304501,2025-03-20T18:55:29.229047,62.2,sc_142a5e35,469362195,1228.0,2025-03-20T18:55:29.229047
CRS412374,2025-03-20T18:55:29.230047,82.0,sc_06150ef6,229447814,2556.0,2025-03-20T18:55:29.230047
CRS400533,2025-03-20T18:55:29.230694,89.6,sc_1fd795e7,251402382,4111.0,2025-03-20T18:55:29.230694
CRS071691,2025-03-20T18:55:29.230694,55.4,sc_05c8cc46,438009130,2038.0,2025-03-20T18:55:29.230694
CRS304501,2025-03-20T18:55:29.231465,77.0,sc_0c7e12aa,752459953,1109.0,2025-03-20T18:55:29.231465
CRS877046,2025-03-20T18:55:29.231465,71.4,sc_820c2225,553651659,3932.0,2025-03-20T18:55:29.231465
CRS412374,2025-03-20T18:55:29.231465,59.2,sc_4fd46b9d,693497069,2680.0,2025-03-20T18:55:29.231465
CRS071691,2025-03-20T18:55:29.231465,96.3,sc_36612b7d,546747766,1845.0,2025-03-20T18:55:29.231465
CRS970510,2025-03-20T18:55:29.232970,73.0,sc_12ac1db5,164015110,1522.0,2025-03-20T18:55:29.232970
CRS990525,2025-03-20T18:55:29.232970,69.1,sc_aca2a1f5,197837972,1090.0,2025-03-20T18:55:29.232970
CRS990525,2025-03-20T18:55:29.232970,95.4,sc_80592a7d,318467186,1214.0,2025-03-20T18:55:29.232970
CRS970510,2025-03-20T18:55:29.232970,62.5,sc_c7b248c5,301348802,1568.0,2025-03-20T18:55:29.232970
CRS304501,2025-03-20T18:55:29.232970,63.4,sc_2dace6b8,998570020,1415.0,2025-03-20T18:55:29.232970
CRS774420,2025-03-20T18:55:29.232970,72.2,sc_988cdf0d,931230379,2307.0,2025-03-20T18:55:29.232970
CRS304501,2025-03-20T18:55:29.232970,60.8,sc_dacee209,262017402,1340.0,2025-03-20T18:55:29.232970
CRS990525,2025-03-20T18:55:29.234975,67.1,sc_94d30561,855607918,974.0,2025-03-20T18:55:29.234975
CRS412374,2025-03-20T18:55:29.234975,92.9,sc_f8eba5a5,855607918,2524.0,2025-03-20T18:55:29.234975
CRS774420,2025-03-20T18:55:29.234975,80.8,sc_a865830b,747134901,2140.0,2025-03-20T18:55:29.234975
CRS400533,2025-03-20T18:55:29.234975,68.5,sc_70c90e54,632257115,5011.0,2025-03-20T18:55:29.234975
CRS990525,2025-03-20T18:55:29.234975,49.5,sc_adc82049,587887969,1278.0,2025-03-20T18:55:29.234975
CRS970510,2025-03-20T18:55:29.234975,91.3,sc_8c541362,980433439,1119.0,2025-03-20T18:55:29.234975
CRS774420,2025-03-20T18:55:29.234975,72.7,sc_03bdb252,827262571,2248.0,2025-03-20T18:55:29.234975
CRS304501,2025-03-20T18:55:29.236975,60.4,sc_8256699d,397214426,1382.0,2025-03-20T18:55:29.236975
CRS412374,2025-03-20T18:55:29.236975,60.4,sc_3c5a7505,397214426,2912.0,2025-03-20T18:55:29.236975
CRS877046,2025-03-20T18:55:29.237683,59.6,sc_c5c13941,363760733,4447.0,2025-03-20T18:55:29.237683
CRS990525,2025-03-20T18:55:29.238161,89.0,sc_59d357ee,870727753,1187.0,2025-03-20T18:55:29.238161
CRS774420,2025-03-20T18:55:29.238161,78.7,sc_1d931082,240350367,2202.0,2025-03-20T18:55:29.238161
CRS304501,2025-03-20T18:55:29.238161,68.3,sc_15c81315,336403822,1100.0,2025-03-20T18:55:29.238161
CRS412374,2025-03-20T18:55:29.238161,81.9,sc_55f4d5cd,234994235,2415.0,2025-03-20T18:55:29.238161
CRS304501,2025-03-20T18:55:29.238161,68.3,sc_a23a6526,460920784,1360.0,2025-03-20T18:55:29.238161
CRS877046,2025-03-20T18:55:29.240163,70.8,sc_4f61b09a,460920784,3972.0,2025-03-20T18:55:29.240163
CRS304501,2025-03-20T18:55:29.240163,70.8,sc_8b7435ab,244748987,1260.0,2025-03-20T18:55:29.240163
CRS071691,2025-03-20T18:55:29.240163,75.8,sc_37beaa93,451205832,2301.0,2025-03-20T18:55:29.240163
CRS970510,2025-03-20T18:55:29.240163,92.5,sc_dd0cf9aa,223550337,1219.0,2025-03-20T18:55:29.240163
CRS412374,2025-03-20T18:55:29.240163,72.5,sc_d9505ce1,882451878,2625.0,2025-03-20T18:55:29.240163
CRS304501,2025-03-20T18:55:29.240163,76.2,sc_0a471bf7,715892594,1150.0,2025-03-20T18:55:29.240163
CRS304501,2025-03-20T18:55:29.242161,66.8,sc_a92ba350,171533926,1338.0,2025-03-20T18:55:29.242161
CRS412374,2025-03-20T18:55:29.242461,56.2,sc_796a0142,304100492,2371.0,2025-03-20T18:55:29.242461
CRS990525,2025-03-20T18:55:29.242461,84.3,sc_9fce392d,334074772,987.0,2025-03-20T18:55:29.242461
CRS400533,2025-03-20T18:55:29.242964,60.9,sc_25b0971c,379273698,5547.0,2025-03-20T18:55:29.242964
CRS412374,2025-03-20T18:55:29.243480,29.5,sc_ae69502d,857515481,2605.0,2025-03-20T18:55:29.243480
CRS304501,2025-03-20T18:55:29.243480,90.8,sc_c9ccb707,531594039,995.0,2025-03-20T18:55:29.243480
CRS412374,2025-03-20T18:55:29.243993,80.4,sc_99a3ec1d,762387867,2569.0,2025-03-20T18:55:29.243993
CRS071691,2025-03-20T18:55:29.244691,78.7,sc_91ac07c5,234770098,2268.0,2025-03-20T18:55:29.244691
CRS400533,2025-03-20T18:55:29.244691,70.4,sc_021bef4e,502173954,4530.0,2025-03-20T18:55:29.244691
CRS304501,2025-03-20T18:55:29.245272,62.6,sc_55a0546d,231928419,1341.0,2025-03-20T18:55:29.245272
CRS412374,2025-03-20T18:55:29.245789,69.4,sc_2729e0d2,790814948,2679.0,2025-03-20T18:55:29.245789
CRS400533,2025-03-20T18:55:29.245789,69.5,sc_9c4e062c,123392932,4707.0,2025-03-20T18:55:29.245789
CRS071691,2025-03-20T18:55:29.246310,69.9,sc_55b979c0,850645361,2031.0,2025-03-20T18:55:29.246310
CRS071691,2025-03-20T18:55:29.246818,78.6,sc_76396837,844799736,1870.0,2025-03-20T18:55:29.246818
CRS071691,2025-03-20T18:55:29.246818,60.1,sc_cb6a5153,974079778,2073.0,2025-03-20T18:55:29.246818
CRS304501,2025-03-20T18:55:29.247340,69.9,sc_8dd7a042,735123486,1229.0,2025-03-20T18:55:29.247340
CRS412374,2025-03-20T18:55:29.247340,99.9,sc_ea8625c0,137184347,2407.0,2025-03-20T18:55:29.247340
CRS990525,2025-03-20T18:55:29.247853,61.7,sc_2917b795,153587099,1273.0,2025-03-20T18:55:29.247853
CRS304501,2025-03-20T18:55:29.247853,63.8,sc_9b6cdf1c,458512306,1435.0,2025-03-20T18:55:29.247853
CRS304501,2025-03-20T18:55:29.248363,82.1,sc_a9f73778,133435456,1233.0,2025-03-20T18:55:29.248363
CRS071691,2025-03-20T18:55:29.248363,98.4,sc_daab1384,253168442,1914.0,2025-03-20T18:55:29.248363
CRS990525,2025-03-20T18:55:29.248881,87.4,sc_5979cb36,829482875,1183.0,2025-03-20T18:55:29.248881
CRS970510,2025-03-20T18:55:29.249512,80.4,sc_14c5a3a0,829482875,1352.0,2025-03-20T18:55:29.249512
CRS774420,2025-03-20T18:55:29.249512,54.9,sc_a8cca15d,808756080,2387.0,2025-03-20T18:55:29.249512
CRS400533,2025-03-20T18:55:29.250542,80.5,sc_6427d3e3,349641047,4281.0,2025-03-20T18:55:29.250542
CRS877046,2025-03-20T18:55:29.251060,69.3,sc_ae7765d4,321559428,3794.0,2025-03-20T18:55:29.251060
CRS412374,2025-03-20T18:55:29.251663,55.1,sc_181206f4,720184031,2750.0,2025-03-20T18:55:29.251663
CRS304501,2025-03-20T18:55:29.251663,70.5,sc_add1b712,914611252,1203.0,2025-03-20T18:55:29.251663
CRS774420,2025-03-20T18:55:29.252303,100.0,sc_278dc220,981064780,1913.0,2025-03-20T18:55:29.252303
CRS412374,2025-03-20T18:55:29.252303,92.9,sc_fd2780d5,961891788,2297.0,2025-03-20T18:55:29.252303
CRS412374,2025-03-20T18:55:29.252817,68.0,sc_a7e0be38,323972753,2753.0,2025-03-20T18:55:29.252817
CRS877046,2025-03-20T18:55:29.253333,69.4,sc_31a75c6c,146318430,4215.0,2025-03-20T18:55:29.253333
CRS990525,2025-03-20T18:55:29.253860,52.2,sc_9c63c847,703660461,1324.0,2025-03-20T18:55:29.253860
CRS412374,2025-03-20T18:55:29.253860,94.3,sc_e2c083fb,464261758,2822.0,2025-03-20T18:55:29.253860
CRS304501,2025-03-20T18:55:29.254385,78.6,sc_1ec547e4,177607069,1125.0,2025-03-20T18:55:29.254385
CRS071691,2025-03-20T18:55:29.254385,82.5,sc_2e424369,894847412,2184.0,2025-03-20T18:55:29.254385
CRS877046,2025-03-20T18:55:29.254905,61.6,sc_6ef936e7,250379634,4313.0,2025-03-20T18:55:29.254905
CRS990525,2025-03-20T18:55:29.255422,73.2,sc_f9ea6e9b,127423733,1391.0,2025-03-20T18:55:29.255422
CRS304501,2025-03-20T18:55:29.255422,79.1,sc_4d1f2268,999782020,1127.0,2025-03-20T18:55:29.255422
CRS990525,2025-03-20T18:55:29.255947,72.6,sc_be8ab3e3,587111454,1278.0,2025-03-20T18:55:29.255947
CRS970510,2025-03-20T18:55:29.255947,82.2,sc_5df1f24a,116898253,1304.0,2025-03-20T18:55:29.255947
CRS400533,2025-03-20T18:55:29.256464,61.6,sc_4fa4e1e0,123337158,5247.0,2025-03-20T18:55:29.256464
CRS877046,2025-03-20T18:55:29.256975,81.0,sc_a8dff6e3,530604397,3814.0,2025-03-20T18:55:29.256975
CRS774420,2025-03-20T18:55:29.257502,98.4,sc_d77e85a4,658869677,1887.0,2025-03-20T18:55:29.257502
CRS877046,2025-03-20T18:55:29.258018,88.6,sc_3e486702,658869677,3260.0,2025-03-20T18:55:29.258018
CRS412374,2025-03-20T18:55:29.258703,89.1,sc_d985cf99,407686647,2512.0,2025-03-20T18:55:29.258703
CRS304501,2025-03-20T18:55:29.259092,61.8,sc_0be3144c,243398731,1463.0,2025-03-20T18:55:29.259092
CRS990525,2025-03-20T18:55:29.259610,48.8,sc_fdf11982,305615971,1386.0,2025-03-20T18:55:29.259610
CRS877046,2025-03-20T18:55:29.260125,59.9,sc_7ae88f57,305615971,4189.0,2025-03-20T18:55:29.260125
CRS412374,2025-03-20T18:55:29.260647,61.3,sc_b6b561a6,651046033,2805.0,2025-03-20T18:55:29.260647
CRS774420,2025-03-20T18:55:29.261161,53.4,sc_47ec49c6,771952793,2031.0,2025-03-20T18:55:29.261161
CRS990525,2025-03-20T18:55:29.261161,57.2,sc_19fa8afe,223489145,1249.0,2025-03-20T18:55:29.261161
CRS304501,2025-03-20T18:55:29.261672,68.2,sc_0b3e277f,223489145,1207.0,2025-03-20T18:55:29.261672
CRS412374,2025-03-20T18:55:29.262191,74.7,sc_9ce5317e,320599288,2506.0,2025-03-20T18:55:29.262191
CRS304501,2025-03-20T18:55:29.262191,61.1,sc_997c8866,193452642,1356.0,2025-03-20T18:55:29.262191
CRS990525,2025-03-20T18:55:29.262705,42.9,sc_d9082d6a,329324364,1221.0,2025-03-20T18:55:29.262705
CRS400533,2025-03-20T18:55:29.262705,68.2,sc_5874fa2a,537009830,4695.0,2025-03-20T18:55:29.262705
CRS877046,2025-03-20T18:55:29.263710,61.4,sc_f75cfc13,491610314,4215.0,2025-03-20T18:55:29.263710
CRS071691,2025-03-20T18:55:29.263710,80.1,sc_fa767229,166388430,1970.0,2025-03-20T18:55:29.263710
CRS774420,2025-03-20T18:55:29.263710,51.5,sc_f9a425a3,592285162,2335.0,2025-03-20T18:55:29.263710
CRS990525,2025-03-20T18:55:29.263710,82.6,sc_a3dc015e,509015818,1163.0,2025-03-20T18:55:29.263710
CRS071691,2025-03-20T18:55:29.263710,96.7,sc_7521fced,509015818,1797.0,2025-03-20T18:55:29.263710
CRS400533,2025-03-20T18:55:29.263710,89.2,sc_d9676874,333708609,4045.0,2025-03-20T18:55:29.263710
CRS304501,2025-03-20T18:55:29.265650,90.6,sc_9e437a8b,531589004,1149.0,2025-03-20T18:55:29.265650
CRS774420,2025-03-20T18:55:29.265650,83.5,sc_6efd26cc,237699906,1887.0,2025-03-20T18:55:29.265650
CRS412374,2025-03-20T18:55:29.266250,76.4,sc_df5ce83a,712552690,2886.0,2025-03-20T18:55:29.266250
CRS877046,2025-03-20T18:55:29.266250,80.5,sc_49f4da28,138846471,3855.0,2025-03-20T18:55:29.266250
CRS990525,2025-03-20T18:55:29.266250,87.0,sc_e6fd2a71,928200330,1238.0,2025-03-20T18:55:29.266250
CRS877046,2025-03-20T18:55:29.267255,68.8,sc_d6188292,928200330,3984.0,2025-03-20T18:55:29.267255
CRS877046,2025-03-20T18:55:29.267255,77.7,sc_7ff642d2,134598460,3616.0,2025-03-20T18:55:29.267255
CRS412374,2025-03-20T18:55:29.267255,88.5,sc_403934a0,657457052,2304.0,2025-03-20T18:55:29.267255
CRS990525,2025-03-20T18:55:29.267255,54.4,sc_c1b6d34f,271912421,1032.0,2025-03-20T18:55:29.267255
CRS071691,2025-03-20T18:55:29.267255,89.9,sc_1eac6098,343644955,2081.0,2025-03-20T18:55:29.267255
CRS970510,2025-03-20T18:55:29.269259,78.2,sc_c0c793d4,187506353,1330.0,2025-03-20T18:55:29.269259
CRS912609,2025-03-20T18:55:29.269259,63.8,sc_75e1cee1,659909300,4666.0,2025-03-20T18:55:29.269259
CRS540603,2025-03-20T18:55:29.269259,78.0,sc_0387aa9f,597445359,1014.0,2025-03-20T18:55:29.269259
CRS912609,2025-03-20T18:55:29.269259,93.9,sc_5347c0dc,597445359,3342.0,2025-03-20T18:55:29.269259
CRS912609,2025-03-20T18:55:29.271259,87.8,sc_34d073a9,816532213,3351.0,2025-03-20T18:55:29.271259
CRS006701,2025-03-20T18:55:29.271259,95.0,sc_6c168c43,145167016,3287.0,2025-03-20T18:55:29.271259
CRS766421,2025-03-20T18:55:29.271259,65.7,sc_3625f8f3,161819889,3216.0,2025-03-20T18:55:29.271259
CRS006701,2025-03-20T18:55:29.272353,75.2,sc_2201cf7f,829432517,4513.0,2025-03-20T18:55:29.272353
CRS540603,2025-03-20T18:55:29.272758,65.9,sc_5ab7516d,184456320,1140.0,2025-03-20T18:55:29.272758
CRS912609,2025-03-20T18:55:29.272758,57.0,sc_38011391,721846690,4101.0,2025-03-20T18:55:29.272758
CRS006701,2025-03-20T18:55:29.272758,64.5,sc_b55cacb7,740563871,3759.0,2025-03-20T18:55:29.272758
CRS759399,2025-03-20T18:55:29.272758,59.8,sc_dd243b3d,402513778,4095.0,2025-03-20T18:55:29.272758
CRS766421,2025-03-20T18:55:29.272758,91.6,sc_5905767c,277870655,2754.0,2025-03-20T18:55:29.272758
CRS540603,2025-03-20T18:55:29.274759,68.6,sc_3bd64c8e,791498494,1020.0,2025-03-20T18:55:29.274759
CRS766421,2025-03-20T18:55:29.274759,47.0,sc_46446d43,863206127,2582.0,2025-03-20T18:55:29.274759
CRS006701,2025-03-20T18:55:29.274759,70.2,sc_5beae9a9,610348753,3604.0,2025-03-20T18:55:29.274759
CRS912609,2025-03-20T18:55:29.274759,96.4,sc_bbd382db,610348753,3616.0,2025-03-20T18:55:29.274759
CRS759399,2025-03-20T18:55:29.274759,49.4,sc_e3535bc5,927359580,3529.0,2025-03-20T18:55:29.274759
CRS759399,2025-03-20T18:55:29.274759,96.0,sc_d9e84cd8,842094799,3219.0,2025-03-20T18:55:29.274759
CRS912609,2025-03-20T18:55:29.277263,90.9,sc_ee3eb70b,405071052,3712.0,2025-03-20T18:55:29.277263
CRS766421,2025-03-20T18:55:29.277263,57.4,sc_0aa2ea6a,795571760,3255.0,2025-03-20T18:55:29.277263
CRS759399,2025-03-20T18:55:29.277263,67.9,sc_76bc9ef6,659065005,3472.0,2025-03-20T18:55:29.277263
CRS912609,2025-03-20T18:55:29.277263,91.3,sc_84a16dca,685167467,3355.0,2025-03-20T18:55:29.277263
CRS540603,2025-03-20T18:55:29.277263,80.1,sc_3ca17d4e,626775589,964.0,2025-03-20T18:55:29.277263
CRS759399,2025-03-20T18:55:29.279324,78.0,sc_62f18e10,626775589,3411.0,2025-03-20T18:55:29.279324
CRS006701,2025-03-20T18:55:29.279324,50.2,sc_a05e5881,423527901,4008.0,2025-03-20T18:55:29.279324
CRS540603,2025-03-20T18:55:29.280324,73.1,sc_2b5f4c3c,423527901,1076.0,2025-03-20T18:55:29.280324
CRS759399,2025-03-20T18:55:29.280324,67.4,sc_6fd0e855,417049247,3607.0,2025-03-20T18:55:29.280324
CRS006701,2025-03-20T18:55:29.280324,56.6,sc_7607d431,803050767,4073.0,2025-03-20T18:55:29.280324
CRS006701,2025-03-20T18:55:29.281324,59.6,sc_9758046d,534562038,3675.0,2025-03-20T18:55:29.281324
CRS912609,2025-03-20T18:55:29.281891,58.8,sc_84678a44,534562038,3695.0,2025-03-20T18:55:29.281891
CRS912609,2025-03-20T18:55:29.281891,79.0,sc_0394d2e6,643463559,3375.0,2025-03-20T18:55:29.281891
CRS540603,2025-03-20T18:55:29.281891,82.7,sc_df9eb805,291948344,1149.0,2025-03-20T18:55:29.281891
CRS540603,2025-03-20T18:55:29.281891,59.0,sc_7e1a32e0,485798038,993.0,2025-03-20T18:55:29.281891
CRS766421,2025-03-20T18:55:29.283396,82.2,sc_5e48aa87,245436745,2685.0,2025-03-20T18:55:29.283396
CRS759399,2025-03-20T18:55:29.283396,59.5,sc_c03c296a,605378183,3589.0,2025-03-20T18:55:29.283396
CRS912609,2025-03-20T18:55:29.283396,69.9,sc_dffe6261,952001360,3749.0,2025-03-20T18:55:29.283396
CRS912609,2025-03-20T18:55:29.283396,96.8,sc_f022df43,855750550,4118.0,2025-03-20T18:55:29.283396
CRS540603,2025-03-20T18:55:29.285400,78.5,sc_eaa7a328,730248852,948.0,2025-03-20T18:55:29.285400
CRS912609,2025-03-20T18:55:29.285400,89.2,sc_8e8e3d7b,730248852,3472.0,2025-03-20T18:55:29.285400
CRS912609,2025-03-20T18:55:29.286240,70.5,sc_329a4942,557357727,3880.0,2025-03-20T18:55:29.286240
CRS540603,2025-03-20T18:55:29.286636,74.4,sc_932dd186,780224437,954.0,2025-03-20T18:55:29.286636
CRS006701,2025-03-20T18:55:29.287141,92.7,sc_80709fbb,285835439,3203.0,2025-03-20T18:55:29.287141
CRS766421,2025-03-20T18:55:29.287141,70.2,sc_4a3ebc21,748261779,3132.0,2025-03-20T18:55:29.287141
CRS759399,2025-03-20T18:55:29.287141,85.3,sc_accd4e41,567416659,3001.0,2025-03-20T18:55:29.287141
CRS540603,2025-03-20T18:55:29.287141,56.4,sc_d0150d7e,976656937,1266.0,2025-03-20T18:55:29.287141
CRS912609,2025-03-20T18:55:29.288654,79.2,sc_253434d4,535882754,3409.0,2025-03-20T18:55:29.288654
CRS540603,2025-03-20T18:55:29.288654,68.6,sc_b913a1ee,757332691,943.0,2025-03-20T18:55:29.288654
CRS006701,2025-03-20T18:55:29.288654,67.4,sc_72a8d1eb,799534154,3081.0,2025-03-20T18:55:29.288654
CRS540603,2025-03-20T18:55:29.288654,86.7,sc_caa94b0c,799534154,803.0,2025-03-20T18:55:29.288654
CRS006701,2025-03-20T18:55:29.288654,82.7,sc_069355c6,716026478,3675.0,2025-03-20T18:55:29.288654
CRS540603,2025-03-20T18:55:29.290658,79.4,sc_64861489,238720840,1073.0,2025-03-20T18:55:29.290658
CRS540603,2025-03-20T18:55:29.290658,75.2,sc_4a627463,181169290,949.0,2025-03-20T18:55:29.290658
CRS912609,2025-03-20T18:55:29.290658,48.8,sc_d1fe50df,203349989,3972.0,2025-03-20T18:55:29.290658
CRS759399,2025-03-20T18:55:29.290658,86.4,sc_d64f51a5,401720516,3416.0,2025-03-20T18:55:29.290658
CRS006701,2025-03-20T18:55:29.290658,63.7,sc_5e49c928,361499675,3508.0,2025-03-20T18:55:29.290658
CRS540603,2025-03-20T18:55:29.292659,79.0,sc_e8464e00,361499675,958.0,2025-03-20T18:55:29.292659
CRS540603,2025-03-20T18:55:29.293194,78.3,sc_5dd043cc,175498011,991.0,2025-03-20T18:55:29.293194
CRS766421,2025-03-20T18:55:29.293380,71.0,sc_6390806f,752745505,3098.0,2025-03-20T18:55:29.293380
CRS912609,2025-03-20T18:55:29.293380,56.6,sc_064769e8,173295390,4091.0,2025-03-20T18:55:29.293380
CRS766421,2025-03-20T18:55:29.293380,62.8,sc_6f15adc4,547162466,2942.0,2025-03-20T18:55:29.293380
CRS759399,2025-03-20T18:55:29.295380,97.2,sc_699e10bc,146504122,3846.0,2025-03-20T18:55:29.295380
CRS759399,2025-03-20T18:55:29.295380,83.5,sc_1f06013f,881027764,3786.0,2025-03-20T18:55:29.295380
CRS766421,2025-03-20T18:55:29.295380,69.4,sc_2cb1a40f,254250095,3149.0,2025-03-20T18:55:29.295380
CRS540603,2025-03-20T18:55:29.295380,67.7,sc_2979137a,254250095,1046.0,2025-03-20T18:55:29.295380
CRS006701,2025-03-20T18:55:29.296883,82.6,sc_a8b8475e,917500111,3727.0,2025-03-20T18:55:29.296883
CRS759399,2025-03-20T18:55:29.296883,97.5,sc_34a3a127,917500111,3650.0,2025-03-20T18:55:29.296883
CRS759399,2025-03-20T18:55:29.296883,77.8,sc_ed78d44e,733043466,3296.0,2025-03-20T18:55:29.296883
CRS766421,2025-03-20T18:55:29.296883,72.1,sc_43b3970f,331435107,3546.0,2025-03-20T18:55:29.296883
CRS912609,2025-03-20T18:55:29.298888,49.6,sc_a527315a,530168882,3886.0,2025-03-20T18:55:29.298888
CRS540603,2025-03-20T18:55:29.300222,81.9,sc_a58e099d,563268910,861.0,2025-03-20T18:55:29.300222
CRS759399,2025-03-20T18:55:29.300658,88.2,sc_d2b09353,812832353,3335.0,2025-03-20T18:55:29.300658
CRS766421,2025-03-20T18:55:29.300658,80.3,sc_63ecd5b0,317622435,3129.0,2025-03-20T18:55:29.300658
CRS006701,2025-03-20T18:55:29.300658,57.9,sc_957eee53,145569290,3512.0,2025-03-20T18:55:29.300658
CRS540603,2025-03-20T18:55:29.300658,81.0,sc_f2231773,443498111,1077.0,2025-03-20T18:55:29.300658
CRS912609,2025-03-20T18:55:29.302658,80.5,sc_380dadc8,472414641,3866.0,2025-03-20T18:55:29.302658
CRS540603,2025-03-20T18:55:29.302658,77.8,sc_de97b99c,537356390,1074.0,2025-03-20T18:55:29.302658
CRS759399,2025-03-20T18:55:29.302658,76.0,sc_ba025a15,509315512,3633.0,2025-03-20T18:55:29.302658
CRS912609,2025-03-20T18:55:29.302658,61.5,sc_b2b9535f,481451570,3842.0,2025-03-20T18:55:29.302658
CRS766421,2025-03-20T18:55:29.304658,61.4,sc_e9d94697,805659150,3084.0,2025-03-20T18:55:29.304658
CRS766421,2025-03-20T18:55:29.304658,87.2,sc_470de63e,230649673,2976.0,2025-03-20T18:55:29.304658
CRS759399,2025-03-20T18:55:29.304658,60.5,sc_9efd1bdd,513664231,3415.0,2025-03-20T18:55:29.304658
CRS759399,2025-03-20T18:55:29.304658,79.2,sc_7798103e,736467937,3032.0,2025-03-20T18:55:29.304658
CRS912609,2025-03-20T18:55:29.304658,99.2,sc_25f7c518,109557623,3301.0,2025-03-20T18:55:29.304658
CRS540603,2025-03-20T18:55:29.307125,84.1,sc_147b1bcf,525723913,969.0,2025-03-20T18:55:29.307125
CRS540603,2025-03-20T18:55:29.307493,79.1,sc_df37a133,281918693,1092.0,2025-03-20T18:55:29.307493
CRS766421,2025-03-20T18:55:29.307493,83.8,sc_4096c543,226438062,2830.0,2025-03-20T18:55:29.307493
CRS766421,2025-03-20T18:55:29.307493,62.6,sc_17a662a1,614193938,3283.0,2025-03-20T18:55:29.307493
CRS912609,2025-03-20T18:55:29.307493,52.5,sc_d1905f62,614193938,3796.0,2025-03-20T18:55:29.307493
CRS766421,2025-03-20T18:55:29.309496,94.3,sc_16852a4e,187660006,2856.0,2025-03-20T18:55:29.309496
CRS006701,2025-03-20T18:55:29.309496,67.9,sc_199c93b6,520005850,3879.0,2025-03-20T18:55:29.309496
CRS766421,2025-03-20T18:55:29.309496,79.7,sc_73b64f23,512800796,2823.0,2025-03-20T18:55:29.309496
CRS766421,2025-03-20T18:55:29.309496,100.0,sc_e524be34,208456866,2736.0,2025-03-20T18:55:29.309496
CRS912609,2025-03-20T18:55:29.311496,88.2,sc_c05d89c9,476463867,3438.0,2025-03-20T18:55:29.311496
CRS759399,2025-03-20T18:55:29.311496,63.3,sc_c769ee4c,173943771,3733.0,2025-03-20T18:55:29.311496
CRS766421,2025-03-20T18:55:29.312029,76.3,sc_f94b1f59,567130416,3278.0,2025-03-20T18:55:29.312029
CRS540603,2025-03-20T18:55:29.312029,71.9,sc_ebc1a98e,178177605,1066.0,2025-03-20T18:55:29.312029
CRS912609,2025-03-20T18:55:29.312029,82.7,sc_a7af1373,761247773,3601.0,2025-03-20T18:55:29.312029
CRS540603,2025-03-20T18:55:29.313540,69.3,sc_1e5f5444,330676002,1082.0,2025-03-20T18:55:29.313540
CRS540603,2025-03-20T18:55:29.313540,80.4,sc_0eb363d3,662564696,895.0,2025-03-20T18:55:29.313540
CRS540603,2025-03-20T18:55:29.314093,78.9,sc_518e27a8,666375344,968.0,2025-03-20T18:55:29.314093
CRS766421,2025-03-20T18:55:29.314465,98.4,sc_9b4a79de,811343854,2685.0,2025-03-20T18:55:29.314465
CRS759399,2025-03-20T18:55:29.314465,94.2,sc_06705375,382726298,3798.0,2025-03-20T18:55:29.314465
CRS759399,2025-03-20T18:55:29.314465,65.0,sc_dde91b67,663611239,3363.0,2025-03-20T18:55:29.314465
CRS766421,2025-03-20T18:55:29.314465,64.7,sc_17f22af7,210657402,3042.0,2025-03-20T18:55:29.314465
CRS759399,2025-03-20T18:55:29.316468,83.7,sc_4943f2ca,674107706,3451.0,2025-03-20T18:55:29.316468
CRS540603,2025-03-20T18:55:29.316468,77.4,sc_a1a84586,653697760,862.0,2025-03-20T18:55:29.316468
CRS912609,2025-03-20T18:55:29.316971,88.8,sc_16bfb610,431975366,3377.0,2025-03-20T18:55:29.316971
CRS006701,2025-03-20T18:55:29.316971,82.8,sc_165a65cb,894278132,3528.0,2025-03-20T18:55:29.316971
CRS912609,2025-03-20T18:55:29.316971,78.0,sc_bbf98264,894278132,3771.0,2025-03-20T18:55:29.316971
CRS766421,2025-03-20T18:55:29.318484,55.5,sc_6fe2114c,576525007,2967.0,2025-03-20T18:55:29.318484
CRS912609,2025-03-20T18:55:29.318484,87.2,sc_3c1c6767,910067265,3474.0,2025-03-20T18:55:29.318484
CRS912609,2025-03-20T18:55:29.318484,49.2,sc_2916a6e8,370177398,3829.0,2025-03-20T18:55:29.318484
CRS759399,2025-03-20T18:55:29.320488,70.2,sc_27a0e51b,150246057,3714.0,2025-03-20T18:55:29.320488
CRS006701,2025-03-20T18:55:29.320488,85.1,sc_f6b88549,970768439,3458.0,2025-03-20T18:55:29.320488
CRS912609,2025-03-20T18:55:29.321366,78.9,sc_e534585a,483598206,4020.0,2025-03-20T18:55:29.321366
CRS766421,2025-03-20T18:55:29.321366,94.5,sc_07680a3e,328517048,2950.0,2025-03-20T18:55:29.321366
CRS540603,2025-03-20T18:55:29.321366,70.0,sc_f79e86b3,328517048,1072.0,2025-03-20T18:55:29.321366
CRS879345,2025-03-20T18:55:29.321366,74.6,sc_fb7f5cf7,240948230,2427.0,2025-03-20T18:55:29.321366
CRS076701,2025-03-20T18:55:29.321366,62.8,sc_12535437,240948230,1946.0,2025-03-20T18:55:29.321366
CRS387471,2025-03-20T18:55:29.323378,87.7,sc_2db63744,468854312,2695.0,2025-03-20T18:55:29.323378
CRS156649,2025-03-20T18:55:29.323378,69.9,sc_50142dde,772631669,4667.0,2025-03-20T18:55:29.323378
CRS158832,2025-03-20T18:55:29.323378,74.1,sc_dd257a13,874281551,1360.0,2025-03-20T18:55:29.323378
CRS158832,2025-03-20T18:55:29.323378,76.2,sc_659ac6e3,442262707,1373.0,2025-03-20T18:55:29.323378
CRS156649,2025-03-20T18:55:29.325378,65.9,sc_40b17e73,827377610,4577.0,2025-03-20T18:55:29.325378
CRS158832,2025-03-20T18:55:29.325378,85.9,sc_55b28c58,782774641,1035.0,2025-03-20T18:55:29.325378
CRS387471,2025-03-20T18:55:29.325378,67.9,sc_738f829e,351292765,3513.0,2025-03-20T18:55:29.325378
CRS879345,2025-03-20T18:55:29.326883,83.0,sc_b6613cc1,503149391,2442.0,2025-03-20T18:55:29.326883
CRS158832,2025-03-20T18:55:29.326883,79.5,sc_48801291,922071763,1575.0,2025-03-20T18:55:29.326883
CRS387471,2025-03-20T18:55:29.326883,70.9,sc_0fefcaf2,521954922,3555.0,2025-03-20T18:55:29.326883
CRS076701,2025-03-20T18:55:29.326883,61.5,sc_16754d47,312312540,2387.0,2025-03-20T18:55:29.326883
CRS156649,2025-03-20T18:55:29.328669,71.6,sc_85c3e369,275926525,4758.0,2025-03-20T18:55:29.328669
CRS879345,2025-03-20T18:55:29.328669,96.6,sc_d50d9909,503750583,2254.0,2025-03-20T18:55:29.328669
CRS387471,2025-03-20T18:55:29.328669,79.0,sc_6da2d630,394046624,3197.0,2025-03-20T18:55:29.328669
CRS158832,2025-03-20T18:55:29.328669,68.5,sc_3803e60c,364151652,1629.0,2025-03-20T18:55:29.328669
CRS076701,2025-03-20T18:55:29.330693,58.5,sc_0b3d86fa,239708008,1854.0,2025-03-20T18:55:29.330693
CRS156649,2025-03-20T18:55:29.330693,59.8,sc_bcc9f032,239708008,4169.0,2025-03-20T18:55:29.330693
CRS076701,2025-03-20T18:55:29.330693,60.1,sc_85b81eb9,182266670,1687.0,2025-03-20T18:55:29.330693
CRS387471,2025-03-20T18:55:29.330693,76.3,sc_fb4780e3,688376567,3181.0,2025-03-20T18:55:29.330693
CRS387471,2025-03-20T18:55:29.332693,70.3,sc_f679e1fc,257451053,3153.0,2025-03-20T18:55:29.332693
CRS879345,2025-03-20T18:55:29.332693,99.8,sc_c6495278,730963285,2509.0,2025-03-20T18:55:29.332693
CRS879345,2025-03-20T18:55:29.332693,65.1,sc_725e6898,990947816,2257.0,2025-03-20T18:55:29.332693
CRS076701,2025-03-20T18:55:29.332693,87.5,sc_734486c7,644997383,1768.0,2025-03-20T18:55:29.332693
CRS879345,2025-03-20T18:55:29.332693,70.6,sc_958f5cee,479703828,2627.0,2025-03-20T18:55:29.332693
CRS387471,2025-03-20T18:55:29.335150,59.6,sc_e2f79751,591388778,3790.0,2025-03-20T18:55:29.335150
CRS076701,2025-03-20T18:55:29.335150,74.9,sc_57f5b1a6,443763004,1928.0,2025-03-20T18:55:29.335150
CRS156649,2025-03-20T18:55:29.335150,62.0,sc_4a1fdba8,610760887,5090.0,2025-03-20T18:55:29.335150
CRS879345,2025-03-20T18:55:29.335150,66.8,sc_135a55c5,590480511,2288.0,2025-03-20T18:55:29.335150
CRS156649,2025-03-20T18:55:29.337154,50.0,sc_3dfe3715,459410554,4692.0,2025-03-20T18:55:29.337154
CRS156649,2025-03-20T18:55:29.337154,70.1,sc_5ddd5d3c,622613126,4605.0,2025-03-20T18:55:29.337154
CRS387471,2025-03-20T18:55:29.337154,67.3,sc_b48cb10f,422275159,3442.0,2025-03-20T18:55:29.337154
CRS156649,2025-03-20T18:55:29.339158,78.4,sc_d4d9c666,422275159,4568.0,2025-03-20T18:55:29.339158
CRS076701,2025-03-20T18:55:29.339158,82.7,sc_6e5ae81d,112630943,1826.0,2025-03-20T18:55:29.339158
CRS387471,2025-03-20T18:55:29.339158,71.3,sc_f5f2254a,591930924,3482.0,2025-03-20T18:55:29.339158
CRS076701,2025-03-20T18:55:29.339158,61.2,sc_16c2873e,874010423,1856.0,2025-03-20T18:55:29.339158
CRS387471,2025-03-20T18:55:29.339158,61.7,sc_f8dc9b2b,895307441,3617.0,2025-03-20T18:55:29.339158
CRS879345,2025-03-20T18:55:29.341158,79.9,sc_036f4777,855238325,2247.0,2025-03-20T18:55:29.341158
CRS156649,2025-03-20T18:55:29.342144,90.1,sc_8421b4f4,728722002,4009.0,2025-03-20T18:55:29.342144
CRS879345,2025-03-20T18:55:29.342144,77.6,sc_8a625752,451101096,2541.0,2025-03-20T18:55:29.342144
CRS158832,2025-03-20T18:55:29.342144,89.2,sc_6fb7c141,278979802,1284.0,2025-03-20T18:55:29.342144
CRS879345,2025-03-20T18:55:29.342144,70.3,sc_a132238c,796567593,2652.0,2025-03-20T18:55:29.342144
CRS076701,2025-03-20T18:55:29.342144,46.4,sc_089e1d7c,465004962,2189.0,2025-03-20T18:55:29.342144
CRS387471,2025-03-20T18:55:29.344145,59.2,sc_1a2a2ac5,913979872,4075.0,2025-03-20T18:55:29.344145
CRS879345,2025-03-20T18:55:29.344145,58.3,sc_600ace05,421604756,3241.0,2025-03-20T18:55:29.344145
CRS156649,2025-03-20T18:55:29.344145,93.7,sc_8989bbfc,364183190,4192.0,2025-03-20T18:55:29.344145
CRS076701,2025-03-20T18:55:29.344145,69.5,sc_10cc725b,682874171,2117.0,2025-03-20T18:55:29.344145
CRS076701,2025-03-20T18:55:29.344145,53.7,sc_b12ad784,157805637,2134.0,2025-03-20T18:55:29.344145
CRS879345,2025-03-20T18:55:29.346144,79.1,sc_3e7f7380,944518819,2272.0,2025-03-20T18:55:29.346144
CRS076701,2025-03-20T18:55:29.346144,80.3,sc_91cac412,437646203,1956.0,2025-03-20T18:55:29.346144
CRS158832,2025-03-20T18:55:29.347148,70.9,sc_3d074418,999880393,1502.0,2025-03-20T18:55:29.347148
CRS879345,2025-03-20T18:55:29.347148,45.8,sc_c5d16a0d,203272235,2818.0,2025-03-20T18:55:29.347148
CRS076701,2025-03-20T18:55:29.348161,58.6,sc_458d9ce2,203272235,2334.0,2025-03-20T18:55:29.348161
CRS156649,2025-03-20T18:55:29.348742,92.7,sc_6ce3686f,421217608,4616.0,2025-03-20T18:55:29.348742
CRS387471,2025-03-20T18:55:29.348924,68.7,sc_fa4d9f99,163917221,3395.0,2025-03-20T18:55:29.348924
CRS387471,2025-03-20T18:55:29.348924,72.9,sc_706701b2,724818503,3569.0,2025-03-20T18:55:29.348924
CRS156649,2025-03-20T18:55:29.348924,74.5,sc_b1c509f1,733693771,4401.0,2025-03-20T18:55:29.348924
CRS076701,2025-03-20T18:55:29.348924,100.0,sc_42cb848c,944176450,1941.0,2025-03-20T18:55:29.348924
CRS076701,2025-03-20T18:55:29.350924,98.3,sc_ac6ab394,253759747,1872.0,2025-03-20T18:55:29.350924
CRS156649,2025-03-20T18:55:29.350924,80.0,sc_65704e40,933871411,3944.0,2025-03-20T18:55:29.350924
CRS156649,2025-03-20T18:55:29.350924,55.8,sc_2d92836f,677769036,4487.0,2025-03-20T18:55:29.350924
CRS076701,2025-03-20T18:55:29.350924,37.4,sc_5ecf6473,566507716,1525.0,2025-03-20T18:55:29.350924
CRS387471,2025-03-20T18:55:29.352924,70.4,sc_a53a241a,115602644,3211.0,2025-03-20T18:55:29.352924
CRS076701,2025-03-20T18:55:29.352924,69.3,sc_893cf0fa,412380855,1875.0,2025-03-20T18:55:29.352924
CRS879345,2025-03-20T18:55:29.352924,88.5,sc_fba8fbac,972598409,2526.0,2025-03-20T18:55:29.352924
CRS158832,2025-03-20T18:55:29.352924,79.2,sc_9a020687,718193171,1512.0,2025-03-20T18:55:29.352924
CRS156649,2025-03-20T18:55:29.354924,66.4,sc_63d0e6e0,582296761,4531.0,2025-03-20T18:55:29.354924
CRS158832,2025-03-20T18:55:29.354924,76.3,sc_7686d9a2,904040535,1371.0,2025-03-20T18:55:29.354924
CRS879345,2025-03-20T18:55:29.356237,83.9,sc_baaab69d,871535708,2274.0,2025-03-20T18:55:29.356237
CRS387471,2025-03-20T18:55:29.356760,76.9,sc_193edf9a,189114628,3067.0,2025-03-20T18:55:29.356760
CRS158832,2025-03-20T18:55:29.356760,70.9,sc_fd7ffbfc,489696035,1497.0,2025-03-20T18:55:29.356760
CRS387471,2025-03-20T18:55:29.358276,69.0,sc_aa59c9d5,132972339,3278.0,2025-03-20T18:55:29.358276
CRS387471,2025-03-20T18:55:29.358276,73.4,sc_e0352b20,524438278,3511.0,2025-03-20T18:55:29.358276
CRS158832,2025-03-20T18:55:29.360280,69.0,sc_8d9aa35e,210658235,1558.0,2025-03-20T18:55:29.360280
CRS156649,2025-03-20T18:55:29.360280,77.5,sc_67f83013,826815329,4576.0,2025-03-20T18:55:29.360280
CRS879345,2025-03-20T18:55:29.360280,58.2,sc_1e726c35,669863409,3062.0,2025-03-20T18:55:29.360280
CRS879345,2025-03-20T18:55:29.363002,90.4,sc_6dd31ad7,423657180,2370.0,2025-03-20T18:55:29.363002
CRS156649,2025-03-20T18:55:29.363002,59.6,sc_319be169,192534396,4966.0,2025-03-20T18:55:29.363002
CRS076701,2025-03-20T18:55:29.364506,59.7,sc_2e1e9dcc,811008679,2056.0,2025-03-20T18:55:29.364506
CRS158832,2025-03-20T18:55:29.364506,58.6,sc_bf2662b2,845591858,1686.0,2025-03-20T18:55:29.364506
CRS158832,2025-03-20T18:55:29.364506,90.3,sc_35d5a814,807913621,1270.0,2025-03-20T18:55:29.364506
CRS879345,2025-03-20T18:55:29.364506,44.4,sc_5b73f77d,430305507,2565.0,2025-03-20T18:55:29.364506
CRS387471,2025-03-20T18:55:29.367010,72.6,sc_53bbd1dc,261674456,3424.0,2025-03-20T18:55:29.367010
CRS879345,2025-03-20T18:55:29.367010,46.1,sc_e1bd13dd,204567446,2908.0,2025-03-20T18:55:29.367010
CRS156649,2025-03-20T18:55:29.369014,52.8,sc_75411f55,380584800,5329.0,2025-03-20T18:55:29.369014
CRS387471,2025-03-20T18:55:29.369700,71.4,sc_a8ad3c30,889260230,3285.0,2025-03-20T18:55:29.369700
CRS387471,2025-03-20T18:55:29.370038,70.6,sc_2fb1a3f6,935116875,3311.0,2025-03-20T18:55:29.370038
CRS076701,2025-03-20T18:55:29.370038,77.0,sc_c58f608a,323837487,1843.0,2025-03-20T18:55:29.370038
CRS387471,2025-03-20T18:55:29.370038,58.7,sc_2995d25f,626787751,3748.0,2025-03-20T18:55:29.370038
CRS156649,2025-03-20T18:55:29.371543,76.8,sc_cf44b983,626787751,5262.0,2025-03-20T18:55:29.371543
CRS076701,2025-03-20T18:55:29.371543,54.3,sc_a2d90d49,403317683,1843.0,2025-03-20T18:55:29.371543
CRS158832,2025-03-20T18:55:29.371543,78.8,sc_87e15c7c,805555463,1422.0,2025-03-20T18:55:29.371543
CRS387471,2025-03-20T18:55:29.371543,77.7,sc_12d9209e,110783754,3330.0,2025-03-20T18:55:29.371543
CRS387471,2025-03-20T18:55:29.373547,90.8,sc_ffd6583b,863119916,2733.0,2025-03-20T18:55:29.373547
CRS156649,2025-03-20T18:55:29.373547,98.0,sc_a30dc49e,863119916,4456.0,2025-03-20T18:55:29.373547
CRS879345,2025-03-20T18:55:29.373547,92.8,sc_a7729d28,359940036,2212.0,2025-03-20T18:55:29.373547
CRS387471,2025-03-20T18:55:29.375548,68.8,sc_4b8665bc,305127146,3515.0,2025-03-20T18:55:29.375548
CRS076701,2025-03-20T18:55:29.375548,88.7,sc_186ec49a,955795277,1877.0,2025-03-20T18:55:29.375548
CRS156649,2025-03-20T18:55:29.376637,93.2,sc_84e3b904,955795277,4692.0,2025-03-20T18:55:29.376637
CRS076701,2025-03-20T18:55:29.376882,51.8,sc_6816b7a9,751169941,2016.0,2025-03-20T18:55:29.376882
CRS156649,2025-03-20T18:55:29.376882,77.4,sc_ce026301,996467068,4434.0,2025-03-20T18:55:29.376882
CRS156649,2025-03-20T18:55:29.376882,53.4,sc_0f72392f,569182323,4905.0,2025-03-20T18:55:29.376882
CRS387471,2025-03-20T18:55:29.378887,77.8,sc_81d05299,838020388,3041.0,2025-03-20T18:55:29.378887
CRS156649,2025-03-20T18:55:29.378887,70.5,sc_fb8fa77d,900681357,3566.0,2025-03-20T18:55:29.378887
CRS387471,2025-03-20T18:55:29.378887,61.6,sc_b742ef28,932008206,3392.0,2025-03-20T18:55:29.378887
CRS879345,2025-03-20T18:55:29.378887,59.2,sc_92b1572e,932008206,2668.0,2025-03-20T18:55:29.378887
CRS156649,2025-03-20T18:55:29.380887,80.8,sc_2aec35e3,969428302,4450.0,2025-03-20T18:55:29.380887
CRS158832,2025-03-20T18:55:29.380887,78.7,sc_bb1bb64f,845539953,1398.0,2025-03-20T18:55:29.380887
CRS156649,2025-03-20T18:55:29.380887,65.4,sc_db15a6ae,978577289,4318.0,2025-03-20T18:55:29.380887
CRS879345,2025-03-20T18:55:29.382887,64.9,sc_35d49954,939099845,3045.0,2025-03-20T18:55:29.382887
CRS158832,2025-03-20T18:55:29.382887,87.8,sc_dee9f0f2,426325797,1353.0,2025-03-20T18:55:29.382887
CRS879345,2025-03-20T18:55:29.382887,80.2,sc_b1e4913d,751922592,2191.0,2025-03-20T18:55:29.382887
CRS387471,2025-03-20T18:55:29.384176,93.8,sc_3f5f1f8a,944830702,2875.0,2025-03-20T18:55:29.384176
CRS879345,2025-03-20T18:55:29.384176,66.3,sc_aafd5f78,696522020,2380.0,2025-03-20T18:55:29.384176
CRS879345,2025-03-20T18:55:29.384176,69.9,sc_9c551614,622427911,2733.0,2025-03-20T18:55:29.384176
CRS076701,2025-03-20T18:55:29.384176,80.8,sc_f0a55286,763123223,1743.0,2025-03-20T18:55:29.384176
CRS879345,2025-03-20T18:55:29.386211,69.7,sc_9fcfb720,914515405,2502.0,2025-03-20T18:55:29.386211
CRS156649,2025-03-20T18:55:29.386211,93.8,sc_37525b9f,747333655,4189.0,2025-03-20T18:55:29.386211
CRS076701,2025-03-20T18:55:29.387215,65.5,sc_225f8ef1,650282352,1862.0,2025-03-20T18:55:29.387215
CRS879345,2025-03-20T18:55:29.387215,71.4,sc_cda1feb3,195779883,2536.0,2025-03-20T18:55:29.387215
CRS879345,2025-03-20T18:55:29.388231,63.7,sc_b6f9d97a,803217456,2526.0,2025-03-20T18:55:29.388231
CRS158832,2025-03-20T18:55:29.388231,79.3,sc_8061766a,334360438,1349.0,2025-03-20T18:55:29.388231
CRS509735,2025-03-20T18:55:29.388231,74.3,sc_8b1607c0,101519407,2742.0,2025-03-20T18:55:29.388231
CRS648091,2025-03-20T18:55:29.388231,90.3,sc_0619d81f,291437426,2530.0,2025-03-20T18:55:29.388231
CRS580424,2025-03-20T18:55:29.390749,80.2,sc_302db9a1,554064614,2859.0,2025-03-20T18:55:29.390749
CRS580424,2025-03-20T18:55:29.391055,68.1,sc_0d1d1e93,482754111,2693.0,2025-03-20T18:55:29.391055
CRS509735,2025-03-20T18:55:29.391055,81.9,sc_364f6892,298322933,3000.0,2025-03-20T18:55:29.391055
CRS506159,2025-03-20T18:55:29.391055,100.0,sc_416acc16,465019315,923.0,2025-03-20T18:55:29.391055
CRS580424,2025-03-20T18:55:29.393057,78.8,sc_14dc2818,488062867,2587.0,2025-03-20T18:55:29.393057
CRS509735,2025-03-20T18:55:29.393057,69.7,sc_63292380,312810261,2520.0,2025-03-20T18:55:29.393057
CRS580424,2025-03-20T18:55:29.393057,69.3,sc_090e9318,658692014,2942.0,2025-03-20T18:55:29.393057
CRS506159,2025-03-20T18:55:29.393057,73.3,sc_cc790199,937707124,1001.0,2025-03-20T18:55:29.393057
CRS509735,2025-03-20T18:55:29.395055,62.3,sc_a2e325cd,690862731,2960.0,2025-03-20T18:55:29.395055
CRS506159,2025-03-20T18:55:29.395055,55.7,sc_712eb738,787246669,940.0,2025-03-20T18:55:29.395055
CRS580424,2025-03-20T18:55:29.395055,77.8,sc_50668350,349577543,2700.0,2025-03-20T18:55:29.395055
CRS580424,2025-03-20T18:55:29.397055,80.4,sc_82f05691,338352953,2498.0,2025-03-20T18:55:29.397055
CRS509735,2025-03-20T18:55:29.397055,79.3,sc_d365635c,760162070,3180.0,2025-03-20T18:55:29.397055
CRS509735,2025-03-20T18:55:29.398056,82.0,sc_c6ff8c2a,485060991,2956.0,2025-03-20T18:55:29.398056
CRS083954,2025-03-20T18:55:29.398056,60.8,sc_69882767,572727872,3625.0,2025-03-20T18:55:29.398056
CRS648091,2025-03-20T18:55:29.398056,63.5,sc_e7c0a01d,572727872,3042.0,2025-03-20T18:55:29.398056
CRS580424,2025-03-20T18:55:29.400072,72.9,sc_51c28cfa,346240639,3038.0,2025-03-20T18:55:29.400072
CRS648091,2025-03-20T18:55:29.400072,70.0,sc_316ef571,935872685,2784.0,2025-03-20T18:55:29.400072
CRS648091,2025-03-20T18:55:29.400072,56.8,sc_8d144b3c,979483383,2159.0,2025-03-20T18:55:29.400072
CRS083954,2025-03-20T18:55:29.402072,68.5,sc_0bba57ec,723379178,3161.0,2025-03-20T18:55:29.402072
CRS506159,2025-03-20T18:55:29.402072,52.4,sc_e7f75e67,929087202,1038.0,2025-03-20T18:55:29.402072
CRS648091,2025-03-20T18:55:29.402072,91.2,sc_bcf92ee4,929087202,2648.0,2025-03-20T18:55:29.402072
CRS509735,2025-03-20T18:55:29.402072,70.2,sc_85640620,506468708,2891.0,2025-03-20T18:55:29.402072
CRS580424,2025-03-20T18:55:29.404071,89.8,sc_ece62fb7,776693215,2352.0,2025-03-20T18:55:29.404071
CRS083954,2025-03-20T18:55:29.404879,68.3,sc_e8a65c94,623104216,3431.0,2025-03-20T18:55:29.404879
CRS506159,2025-03-20T18:55:29.404879,55.5,sc_3651e7c9,623104216,858.0,2025-03-20T18:55:29.404879
CRS083954,2025-03-20T18:55:29.404879,71.5,sc_9347803b,486503316,3290.0,2025-03-20T18:55:29.404879
CRS509735,2025-03-20T18:55:29.406895,66.2,sc_bcbe7c5d,536667773,3362.0,2025-03-20T18:55:29.406895
CRS580424,2025-03-20T18:55:29.406895,72.0,sc_65059ce0,845761951,3122.0,2025-03-20T18:55:29.406895
CRS506159,2025-03-20T18:55:29.406895,99.3,sc_998b868f,647263444,903.0,2025-03-20T18:55:29.406895
CRS580424,2025-03-20T18:55:29.406895,79.7,sc_f93eabf3,539383678,2650.0,2025-03-20T18:55:29.406895
CRS083954,2025-03-20T18:55:29.408899,71.5,sc_a6657f57,396656812,3436.0,2025-03-20T18:55:29.408899
CRS648091,2025-03-20T18:55:29.408899,99.4,sc_f692f327,347839766,2298.0,2025-03-20T18:55:29.408899
CRS506159,2025-03-20T18:55:29.408899,92.6,sc_8f493f76,777525966,961.0,2025-03-20T18:55:29.408899
CRS506159,2025-03-20T18:55:29.408899,98.4,sc_f9ae016e,179207090,850.0,2025-03-20T18:55:29.408899
CRS083954,2025-03-20T18:55:29.411450,71.2,sc_076cb7c3,351311625,3781.0,2025-03-20T18:55:29.411450
CRS580424,2025-03-20T18:55:29.411450,70.7,sc_7d571ad9,566902311,2983.0,2025-03-20T18:55:29.411450
CRS580424,2025-03-20T18:55:29.412954,69.5,sc_aa6437ca,447405427,3022.0,2025-03-20T18:55:29.412954
CRS083954,2025-03-20T18:55:29.412954,70.7,sc_eb882041,213462976,3423.0,2025-03-20T18:55:29.412954
CRS506159,2025-03-20T18:55:29.412954,51.3,sc_3b85b818,576278812,929.0,2025-03-20T18:55:29.412954
CRS506159,2025-03-20T18:55:29.412954,80.9,sc_9ee8d4cb,865310804,1012.0,2025-03-20T18:55:29.412954
CRS648091,2025-03-20T18:55:29.414959,60.0,sc_c881df7d,168589902,3150.0,2025-03-20T18:55:29.414959
CRS580424,2025-03-20T18:55:29.414959,78.6,sc_365e3530,909834908,2559.0,2025-03-20T18:55:29.414959
CRS083954,2025-03-20T18:55:29.414959,58.4,sc_11507fc6,197859728,3403.0,2025-03-20T18:55:29.414959
CRS580424,2025-03-20T18:55:29.414959,80.0,sc_6223c0fe,988939891,2589.0,2025-03-20T18:55:29.414959
CRS648091,2025-03-20T18:55:29.417464,65.3,sc_6fe7b01f,202601661,2540.0,2025-03-20T18:55:29.417464
CRS580424,2025-03-20T18:55:29.417464,68.9,sc_98a30645,622733976,2872.0,2025-03-20T18:55:29.417464
CRS506159,2025-03-20T18:55:29.418368,60.5,sc_03dd5581,693724209,993.0,2025-03-20T18:55:29.418368
CRS580424,2025-03-20T18:55:29.418368,60.0,sc_96c3c2c2,373035388,3073.0,2025-03-20T18:55:29.418368
CRS580424,2025-03-20T18:55:29.418368,89.3,sc_e8b53f59,896063550,2593.0,2025-03-20T18:55:29.418368
CRS506159,2025-03-20T18:55:29.418368,56.2,sc_40e3e3de,505694572,935.0,2025-03-20T18:55:29.418368
CRS506159,2025-03-20T18:55:29.420369,36.0,sc_4fec2008,837835011,972.0,2025-03-20T18:55:29.420369
CRS509735,2025-03-20T18:55:29.420369,74.1,sc_dcfb949f,797968568,3389.0,2025-03-20T18:55:29.420369
CRS083954,2025-03-20T18:55:29.420369,86.1,sc_2d049748,837479892,2735.0,2025-03-20T18:55:29.420369
CRS083954,2025-03-20T18:55:29.422368,89.5,sc_69bc2dd9,868886658,2978.0,2025-03-20T18:55:29.422368
CRS506159,2025-03-20T18:55:29.422368,65.5,sc_cb2ff405,493270157,1010.0,2025-03-20T18:55:29.422368
CRS083954,2025-03-20T18:55:29.422368,80.2,sc_51ad1b5f,340642772,3244.0,2025-03-20T18:55:29.422368
CRS648091,2025-03-20T18:55:29.422368,61.4,sc_dc12ce7e,617473738,2634.0,2025-03-20T18:55:29.422368
CRS083954,2025-03-20T18:55:29.424368,78.3,sc_dfcb24f1,211811939,3217.0,2025-03-20T18:55:29.424368
CRS509735,2025-03-20T18:55:29.425331,99.8,sc_0d4457c4,272427456,3319.0,2025-03-20T18:55:29.425331
CRS648091,2025-03-20T18:55:29.425331,100.0,sc_b3851667,960280578,2203.0,2025-03-20T18:55:29.425331
CRS580424,2025-03-20T18:55:29.426836,88.3,sc_7bcfb5e4,925756541,2492.0,2025-03-20T18:55:29.426836
CRS509735,2025-03-20T18:55:29.426836,56.4,sc_b29b5ea8,573137122,3025.0,2025-03-20T18:55:29.426836
CRS509735,2025-03-20T18:55:29.426836,63.6,sc_ecb2f090,380786170,3149.0,2025-03-20T18:55:29.426836
CRS580424,2025-03-20T18:55:29.428841,81.2,sc_da6f2903,645780407,2816.0,2025-03-20T18:55:29.428841
CRS648091,2025-03-20T18:55:29.428841,93.0,sc_f60ec6cd,943740278,2193.0,2025-03-20T18:55:29.428841
CRS506159,2025-03-20T18:55:29.428841,91.7,sc_5a081638,642773969,799.0,2025-03-20T18:55:29.428841
CRS506159,2025-03-20T18:55:29.428841,80.9,sc_811e41a8,835294628,791.0,2025-03-20T18:55:29.428841
CRS509735,2025-03-20T18:55:29.430842,65.7,sc_2a633bf3,111200726,3130.0,2025-03-20T18:55:29.430842
CRS580424,2025-03-20T18:55:29.430842,78.5,sc_daf31264,496788773,2508.0,2025-03-20T18:55:29.430842
CRS648091,2025-03-20T18:55:29.432261,99.4,sc_6762df29,849481563,2292.0,2025-03-20T18:55:29.432261
CRS580424,2025-03-20T18:55:29.432261,83.6,sc_92bf11fc,836036165,2410.0,2025-03-20T18:55:29.432261
CRS083954,2025-03-20T18:55:29.432261,86.4,sc_8cdaaf18,944702800,2769.0,2025-03-20T18:55:29.432261
CRS509735,2025-03-20T18:55:29.432261,62.8,sc_8337cdb5,627883468,3403.0,2025-03-20T18:55:29.432261
CRS506159,2025-03-20T18:55:29.434261,60.1,sc_20c9810f,627883468,1190.0,2025-03-20T18:55:29.434261
CRS648091,2025-03-20T18:55:29.434261,86.9,sc_39fbb374,250184162,2401.0,2025-03-20T18:55:29.434261
CRS648091,2025-03-20T18:55:29.434261,54.3,sc_dcaa84c7,964720063,2817.0,2025-03-20T18:55:29.434261
CRS083954,2025-03-20T18:55:29.434261,71.1,sc_97abf4e7,152916848,3786.0,2025-03-20T18:55:29.434261
CRS506159,2025-03-20T18:55:29.436765,89.7,sc_cc7ac5a7,858175445,937.0,2025-03-20T18:55:29.436765
CRS580424,2025-03-20T18:55:29.436765,75.9,sc_47848434,381469653,2458.0,2025-03-20T18:55:29.436765
CRS506159,2025-03-20T18:55:29.436765,77.9,sc_09217c1b,559148690,908.0,2025-03-20T18:55:29.436765
CRS580424,2025-03-20T18:55:29.438769,66.6,sc_8dc68222,440596752,2878.0,2025-03-20T18:55:29.438769
CRS083954,2025-03-20T18:55:29.439202,91.3,sc_d1995626,975079323,3128.0,2025-03-20T18:55:29.439202
CRS580424,2025-03-20T18:55:29.439202,68.1,sc_80893ea4,591930052,2864.0,2025-03-20T18:55:29.439202
CRS580424,2025-03-20T18:55:29.439202,60.2,sc_57cd59e8,697929320,3107.0,2025-03-20T18:55:29.439202
CRS509735,2025-03-20T18:55:29.441201,71.3,sc_61283959,743029387,3121.0,2025-03-20T18:55:29.441201
CRS083954,2025-03-20T18:55:29.441201,81.2,sc_e89a3dc9,552204076,3212.0,2025-03-20T18:55:29.441201
CRS506159,2025-03-20T18:55:29.441201,40.4,sc_c11ee316,552204076,985.0,2025-03-20T18:55:29.441201
CRS580424,2025-03-20T18:55:29.443201,61.0,sc_d0840e3e,833171180,3222.0,2025-03-20T18:55:29.443201
CRS580424,2025-03-20T18:55:29.443201,81.7,sc_312be72d,132152333,2617.0,2025-03-20T18:55:29.443201
CRS580424,2025-03-20T18:55:29.443201,67.8,sc_a4a3c2ed,327535310,3022.0,2025-03-20T18:55:29.443201
CRS732088,2025-03-20T18:55:29.445202,60.1,sc_32e501df,524612587,4737.0,2025-03-20T18:55:29.445202
CRS023301,2025-03-20T18:55:29.446145,61.6,sc_6ac2c1bd,879588801,5360.0,2025-03-20T18:55:29.446145
CRS023301,2025-03-20T18:55:29.446145,58.5,sc_c30210a3,464525416,5188.0,2025-03-20T18:55:29.446145
CRS632665,2025-03-20T18:55:29.447150,68.0,sc_442ea996,707039353,2389.0,2025-03-20T18:55:29.447150
CRS732088,2025-03-20T18:55:29.448170,50.9,sc_3193c128,920486894,4110.0,2025-03-20T18:55:29.448170
CRS169990,2025-03-20T18:55:29.448170,86.0,sc_76d930ad,908295493,2956.0,2025-03-20T18:55:29.448170
CRS732088,2025-03-20T18:55:29.448170,65.6,sc_b999b6b2,670791580,4710.0,2025-03-20T18:55:29.448170
CRS169990,2025-03-20T18:55:29.450175,88.5,sc_f20867d5,393684512,3219.0,2025-03-20T18:55:29.450175
CRS023301,2025-03-20T18:55:29.450175,63.9,sc_f5e477d5,477446145,5837.0,2025-03-20T18:55:29.450175
CRS169990,2025-03-20T18:55:29.452174,70.3,sc_27b0597a,477446145,3300.0,2025-03-20T18:55:29.452174
CRS732088,2025-03-20T18:55:29.452941,65.3,sc_a517c67f,249000380,3875.0,2025-03-20T18:55:29.452941
CRS023301,2025-03-20T18:55:29.453107,52.7,sc_4fe8e1fc,969473117,5143.0,2025-03-20T18:55:29.453107
CRS732088,2025-03-20T18:55:29.453107,68.8,sc_4c0c78ec,517034022,4307.0,2025-03-20T18:55:29.453107
CRS023301,2025-03-20T18:55:29.455109,54.2,sc_dcfdf6cb,904906238,4845.0,2025-03-20T18:55:29.455109
CRS632665,2025-03-20T18:55:29.455109,80.0,sc_07588511,961941445,2199.0,2025-03-20T18:55:29.455109
CRS169990,2025-03-20T18:55:29.455109,87.7,sc_525efb4e,967667209,3431.0,2025-03-20T18:55:29.455109
CRS732088,2025-03-20T18:55:29.457107,49.5,sc_b37473ed,948589856,3696.0,2025-03-20T18:55:29.457107
CRS512766,2025-03-20T18:55:29.457612,90.4,sc_4d150eb1,948589856,3155.0,2025-03-20T18:55:29.457612
CRS632665,2025-03-20T18:55:29.457612,81.1,sc_f6fb1f5e,115908854,2300.0,2025-03-20T18:55:29.457612
CRS169990,2025-03-20T18:55:29.459115,89.4,sc_e902fa42,173144173,3132.0,2025-03-20T18:55:29.459115
CRS732088,2025-03-20T18:55:29.460076,67.6,sc_17086148,326671751,4082.0,2025-03-20T18:55:29.460076
CRS023301,2025-03-20T18:55:29.460076,90.2,sc_2956298e,278409975,4970.0,2025-03-20T18:55:29.460076
CRS632665,2025-03-20T18:55:29.460076,67.9,sc_80669088,414233393,2507.0,2025-03-20T18:55:29.460076
CRS512766,2025-03-20T18:55:29.462077,92.4,sc_c30d3c8e,680760834,3218.0,2025-03-20T18:55:29.462077
CRS732088,2025-03-20T18:55:29.462077,44.4,sc_02d741d3,357152588,3369.0,2025-03-20T18:55:29.462077
CRS732088,2025-03-20T18:55:29.464075,81.3,sc_59897cea,803742817,4131.0,2025-03-20T18:55:29.464075
CRS023301,2025-03-20T18:55:29.464075,78.5,sc_b2a27044,306378926,4717.0,2025-03-20T18:55:29.464075
CRS023301,2025-03-20T18:55:29.464075,67.4,sc_356b0c59,871142105,4990.0,2025-03-20T18:55:29.464075
CRS512766,2025-03-20T18:55:29.466076,78.9,sc_9ca7bbcb,652509321,3169.0,2025-03-20T18:55:29.466076
CRS732088,2025-03-20T18:55:29.467070,79.3,sc_238b9e2c,622081307,3625.0,2025-03-20T18:55:29.467070
CRS512766,2025-03-20T18:55:29.467070,72.3,sc_ed5fd553,781491919,4040.0,2025-03-20T18:55:29.467070
CRS169990,2025-03-20T18:55:29.467070,85.8,sc_69730e32,231524918,2719.0,2025-03-20T18:55:29.467070
CRS169990,2025-03-20T18:55:29.469070,61.1,sc_177128e0,127809474,3710.0,2025-03-20T18:55:29.469070
CRS632665,2025-03-20T18:55:29.469070,73.2,sc_4f99d570,968643111,2650.0,2025-03-20T18:55:29.469070
CRS169990,2025-03-20T18:55:29.469070,58.8,sc_0de10537,374461646,3524.0,2025-03-20T18:55:29.469070
CRS512766,2025-03-20T18:55:29.471574,87.7,sc_45d61e45,716777144,3311.0,2025-03-20T18:55:29.471574
CRS512766,2025-03-20T18:55:29.471574,60.1,sc_27055ef0,482282221,3771.0,2025-03-20T18:55:29.471574
CRS169990,2025-03-20T18:55:29.471574,79.0,sc_eb573dda,571008478,3069.0,2025-03-20T18:55:29.471574
CRS732088,2025-03-20T18:55:29.473961,94.7,sc_a1815d84,754414127,4031.0,2025-03-20T18:55:29.473961
CRS732088,2025-03-20T18:55:29.473961,47.3,sc_aed8c4d2,350794701,4535.0,2025-03-20T18:55:29.473961
CRS023301,2025-03-20T18:55:29.473961,34.8,sc_8df2aeb8,860526626,5542.0,2025-03-20T18:55:29.473961
CRS169990,2025-03-20T18:55:29.475962,87.5,sc_86641640,902590972,3766.0,2025-03-20T18:55:29.475962
CRS023301,2025-03-20T18:55:29.476966,30.1,sc_14b7b22a,860584721,4850.0,2025-03-20T18:55:29.476966
CRS169990,2025-03-20T18:55:29.477980,40.0,sc_1461a4ee,553104245,3565.0,2025-03-20T18:55:29.477980
CRS512766,2025-03-20T18:55:29.477980,71.1,sc_8d1a2bcd,277443100,3821.0,2025-03-20T18:55:29.477980
CRS169990,2025-03-20T18:55:29.477980,97.6,sc_3323980e,874154169,3140.0,2025-03-20T18:55:29.477980
CRS632665,2025-03-20T18:55:29.479984,61.6,sc_45319e64,788870757,2746.0,2025-03-20T18:55:29.479984
CRS169990,2025-03-20T18:55:29.480956,64.4,sc_c9492aa6,736787938,3597.0,2025-03-20T18:55:29.480956
CRS023301,2025-03-20T18:55:29.480956,66.8,sc_df0dc2ea,928786726,4870.0,2025-03-20T18:55:29.480956
CRS169990,2025-03-20T18:55:29.480956,74.9,sc_f466928b,395584398,2956.0,2025-03-20T18:55:29.480956
CRS169990,2025-03-20T18:55:29.482957,86.7,sc_7d95377a,308587517,3149.0,2025-03-20T18:55:29.482957
CRS512766,2025-03-20T18:55:29.482957,67.9,sc_31f8479f,678504952,3676.0,2025-03-20T18:55:29.482957
CRS732088,2025-03-20T18:55:29.482957,80.1,sc_78311e3a,588598239,4030.0,2025-03-20T18:55:29.482957
CRS023301,2025-03-20T18:55:29.484955,89.5,sc_9784dfc8,292389513,4273.0,2025-03-20T18:55:29.484955
CRS632665,2025-03-20T18:55:29.484955,72.2,sc_9688b404,513258872,2669.0,2025-03-20T18:55:29.484955
CRS732088,2025-03-20T18:55:29.486955,60.8,sc_30a308a1,235504401,4639.0,2025-03-20T18:55:29.486955
CRS023301,2025-03-20T18:55:29.487889,59.8,sc_f13b0907,235504401,5705.0,2025-03-20T18:55:29.487889
CRS169990,2025-03-20T18:55:29.487889,80.5,sc_c1ecc84c,897286308,3863.0,2025-03-20T18:55:29.487889
CRS169990,2025-03-20T18:55:29.487889,57.7,sc_052f5f87,912932096,3250.0,2025-03-20T18:55:29.487889
CRS732088,2025-03-20T18:55:29.489889,95.6,sc_c6e3985a,338628657,3961.0,2025-03-20T18:55:29.489889
CRS732088,2025-03-20T18:55:29.489889,71.1,sc_68563054,671862304,4412.0,2025-03-20T18:55:29.489889
CRS732088,2025-03-20T18:55:29.491889,96.8,sc_8b2b3c26,649135605,3960.0,2025-03-20T18:55:29.491889
CRS023301,2025-03-20T18:55:29.491889,61.8,sc_cce27308,519128973,5722.0,2025-03-20T18:55:29.491889
CRS732088,2025-03-20T18:55:29.491889,57.6,sc_04e8a367,706460095,4298.0,2025-03-20T18:55:29.491889
CRS632665,2025-03-20T18:55:29.493888,60.9,sc_2e3ff8c7,810845687,2587.0,2025-03-20T18:55:29.493888
CRS512766,2025-03-20T18:55:29.494855,70.1,sc_f76cf1b2,655633169,3650.0,2025-03-20T18:55:29.494855
CRS023301,2025-03-20T18:55:29.494855,76.8,sc_2f411c97,469435900,4518.0,2025-03-20T18:55:29.494855
CRS732088,2025-03-20T18:55:29.494855,86.9,sc_a3ed4ef4,335820386,4119.0,2025-03-20T18:55:29.494855
CRS632665,2025-03-20T18:55:29.496861,67.0,sc_5c6d20de,335820386,2322.0,2025-03-20T18:55:29.496861
CRS169990,2025-03-20T18:55:29.496861,65.6,sc_ea9f5d02,923343027,3067.0,2025-03-20T18:55:29.496861
CRS512766,2025-03-20T18:55:29.498865,86.5,sc_c26d6ef5,388601533,3007.0,2025-03-20T18:55:29.498865
CRS632665,2025-03-20T18:55:29.498865,59.2,sc_763b36a0,314360668,2780.0,2025-03-20T18:55:29.498865
CRS512766,2025-03-20T18:55:29.498865,71.5,sc_bdee94b3,691093288,3917.0,2025-03-20T18:55:29.498865
CRS169990,2025-03-20T18:55:29.502028,68.1,sc_55067368,594794673,3687.0,2025-03-20T18:55:29.502028
CRS732088,2025-03-20T18:55:29.502028,47.2,sc_8413ca23,480221520,4863.0,2025-03-20T18:55:29.502028
CRS732088,2025-03-20T18:55:29.504028,62.7,sc_29a31726,196740318,4063.0,2025-03-20T18:55:29.504028
CRS512766,2025-03-20T18:55:29.504028,78.0,sc_6487f3f4,538592434,3728.0,2025-03-20T18:55:29.504028
CRS732088,2025-03-20T18:55:29.504028,100.0,sc_19fa561d,214668733,4013.0,2025-03-20T18:55:29.504028
CRS169990,2025-03-20T18:55:29.506028,89.3,sc_ed07f9e5,537772486,2873.0,2025-03-20T18:55:29.506028
CRS169990,2025-03-20T18:55:29.507032,55.5,sc_2b1fa6e1,407953685,3568.0,2025-03-20T18:55:29.507032
CRS632665,2025-03-20T18:55:29.507032,68.6,sc_882af8b9,837928006,2497.0,2025-03-20T18:55:29.507032
CRS023301,2025-03-20T18:55:29.508917,97.2,sc_c7798ba3,910835450,4254.0,2025-03-20T18:55:29.508917
CRS169990,2025-03-20T18:55:29.508917,46.4,sc_56c9f0fc,420595409,3806.0,2025-03-20T18:55:29.508917
CRS732088,2025-03-20T18:55:29.510917,97.7,sc_17b95074,271276089,3993.0,2025-03-20T18:55:29.510917
CRS512766,2025-03-20T18:55:29.510917,77.3,sc_af10e81e,581042252,3360.0,2025-03-20T18:55:29.510917
CRS632665,2025-03-20T18:55:29.510917,71.2,sc_9c832c4e,708177530,2699.0,2025-03-20T18:55:29.510917
CRS412820,2025-03-20T18:55:29.512920,87.6,sc_1aca7b71,423612157,4030.0,2025-03-20T18:55:29.512920
CRS792818,2025-03-20T18:55:29.512920,82.0,sc_3655388d,633803512,1932.0,2025-03-20T18:55:29.512920
CRS427163,2025-03-20T18:55:29.512920,79.4,sc_83e24bc7,383217874,1380.0,2025-03-20T18:55:29.512920
CRS792818,2025-03-20T18:55:29.514917,58.2,sc_bf8828bb,555041913,1966.0,2025-03-20T18:55:29.514917
CRS980690,2025-03-20T18:55:29.515746,100.0,sc_54097587,392348293,1541.0,2025-03-20T18:55:29.515746
CRS792818,2025-03-20T18:55:29.515746,60.4,sc_3c67444d,161397422,1912.0,2025-03-20T18:55:29.515746
CRS829271,2025-03-20T18:55:29.517250,53.9,sc_5222f707,171546198,1764.0,2025-03-20T18:55:29.517250
CRS427163,2025-03-20T18:55:29.517250,79.1,sc_5769c12e,139560025,1251.0,2025-03-20T18:55:29.517250
CRS792818,2025-03-20T18:55:29.517250,91.7,sc_c3ed78c9,222186243,1915.0,2025-03-20T18:55:29.517250
CRS655493,2025-03-20T18:55:29.519254,81.1,sc_dd3f2932,205259727,3505.0,2025-03-20T18:55:29.519254
CRS674486,2025-03-20T18:55:29.519254,86.3,sc_cbd0aadc,306932088,2552.0,2025-03-20T18:55:29.519254
CRS427163,2025-03-20T18:55:29.519254,88.8,sc_4e13e1ec,295475500,1299.0,2025-03-20T18:55:29.519254
CRS829271,2025-03-20T18:55:29.519254,74.9,sc_fd302e1c,306556684,1736.0,2025-03-20T18:55:29.519254
CRS427163,2025-03-20T18:55:29.521256,85.6,sc_bcb5e527,163894188,1401.0,2025-03-20T18:55:29.521256
CRS829271,2025-03-20T18:55:29.521256,100.0,sc_34d11747,192557934,1490.0,2025-03-20T18:55:29.521256
CRS792818,2025-03-20T18:55:29.522778,79.5,sc_b80de200,205417327,1932.0,2025-03-20T18:55:29.522778
CRS980690,2025-03-20T18:55:29.522778,67.2,sc_8a5867d5,780621670,1517.0,2025-03-20T18:55:29.522778
CRS829271,2025-03-20T18:55:29.522778,96.3,sc_15310bd8,564345861,1356.0,2025-03-20T18:55:29.522778
CRS980690,2025-03-20T18:55:29.524793,53.8,sc_565d81d7,736854572,1520.0,2025-03-20T18:55:29.524793
CRS980690,2025-03-20T18:55:29.524793,77.3,sc_af384a8e,478282046,1398.0,2025-03-20T18:55:29.524793
CRS980690,2025-03-20T18:55:29.524793,77.2,sc_54b2fb1a,244596340,1382.0,2025-03-20T18:55:29.524793
CRS829271,2025-03-20T18:55:29.526793,87.9,sc_8fcb932a,244596340,1538.0,2025-03-20T18:55:29.526793
CRS674486,2025-03-20T18:55:29.527297,70.5,sc_fcf28ecb,244596340,2557.0,2025-03-20T18:55:29.527297
CRS980690,2025-03-20T18:55:29.527297,82.2,sc_9517e651,982476978,1571.0,2025-03-20T18:55:29.527297
CRS980690,2025-03-20T18:55:29.527297,96.9,sc_162b053a,173110770,1304.0,2025-03-20T18:55:29.527297
CRS674486,2025-03-20T18:55:29.528800,71.9,sc_7fd829d6,965734942,2469.0,2025-03-20T18:55:29.528800
CRS655493,2025-03-20T18:55:29.529715,48.0,sc_75b7bf71,253116396,3610.0,2025-03-20T18:55:29.529715
CRS545989,2025-03-20T18:55:29.529715,68.6,sc_abd4fa52,253116396,1014.0,2025-03-20T18:55:29.529715
CRS980690,2025-03-20T18:55:29.529715,81.6,sc_5c88e286,474252873,1471.0,2025-03-20T18:55:29.529715
CRS427163,2025-03-20T18:55:29.531727,71.6,sc_c1d78d9d,272925329,1408.0,2025-03-20T18:55:29.531727
CRS655493,2025-03-20T18:55:29.531727,55.8,sc_2457677a,533831477,3205.0,2025-03-20T18:55:29.531727
CRS980690,2025-03-20T18:55:29.531727,57.6,sc_ed00bbb0,533831477,1375.0,2025-03-20T18:55:29.531727
CRS980690,2025-03-20T18:55:29.533727,59.8,sc_91908126,697369111,1689.0,2025-03-20T18:55:29.533727
CRS427163,2025-03-20T18:55:29.533727,67.2,sc_735d8a99,867563777,1397.0,2025-03-20T18:55:29.533727
CRS829271,2025-03-20T18:55:29.533727,95.2,sc_969a7d7e,594118379,1473.0,2025-03-20T18:55:29.533727
CRS980690,2025-03-20T18:55:29.535727,84.6,sc_f9849095,735309902,1384.0,2025-03-20T18:55:29.535727
CRS427163,2025-03-20T18:55:29.536463,71.5,sc_f6f4a1da,285461369,1536.0,2025-03-20T18:55:29.536463
CRS545989,2025-03-20T18:55:29.536968,70.5,sc_6e9727af,285461369,1119.0,2025-03-20T18:55:29.536968
CRS427163,2025-03-20T18:55:29.536968,89.5,sc_285ab0be,400705924,1173.0,2025-03-20T18:55:29.536968
CRS412820,2025-03-20T18:55:29.538485,76.5,sc_198d8577,567344990,3716.0,2025-03-20T18:55:29.538485
CRS427163,2025-03-20T18:55:29.538485,56.9,sc_877a74d7,412230330,1871.0,2025-03-20T18:55:29.538485
CRS412820,2025-03-20T18:55:29.538485,71.5,sc_b1fecb06,586057954,4115.0,2025-03-20T18:55:29.538485
CRS655493,2025-03-20T18:55:29.540489,71.0,sc_7e752d2c,351537780,3476.0,2025-03-20T18:55:29.540489
CRS655493,2025-03-20T18:55:29.540489,68.6,sc_8dc36069,980801561,3539.0,2025-03-20T18:55:29.540489
CRS829271,2025-03-20T18:55:29.540489,70.4,sc_cd49f8c0,985222562,1539.0,2025-03-20T18:55:29.540489
CRS829271,2025-03-20T18:55:29.542490,66.0,sc_4c962ce8,795550432,1440.0,2025-03-20T18:55:29.542490
CRS792818,2025-03-20T18:55:29.543572,96.3,sc_4d875ecc,795550432,1815.0,2025-03-20T18:55:29.543572
CRS980690,2025-03-20T18:55:29.543572,53.5,sc_00569e64,307462296,1660.0,2025-03-20T18:55:29.543572
CRS655493,2025-03-20T18:55:29.543572,62.9,sc_235c8f9f,391228963,3678.0,2025-03-20T18:55:29.543572
CRS545989,2025-03-20T18:55:29.545585,66.7,sc_9c6af153,195062211,1034.0,2025-03-20T18:55:29.545585
CRS427163,2025-03-20T18:55:29.545585,57.7,sc_d3ef5941,691902800,1564.0,2025-03-20T18:55:29.545585
CRS655493,2025-03-20T18:55:29.547088,99.7,sc_e9adbbe9,976483557,3368.0,2025-03-20T18:55:29.547088
CRS412820,2025-03-20T18:55:29.547088,96.2,sc_5bbaceca,126426583,3507.0,2025-03-20T18:55:29.547088
CRS829271,2025-03-20T18:55:29.547088,40.9,sc_dba231bf,576934058,1848.0,2025-03-20T18:55:29.547088
CRS545989,2025-03-20T18:55:29.549092,58.5,sc_30725c1f,576934058,1165.0,2025-03-20T18:55:29.549092
CRS412820,2025-03-20T18:55:29.549092,50.5,sc_4cb1355d,933617900,3863.0,2025-03-20T18:55:29.549092
CRS655493,2025-03-20T18:55:29.550485,62.7,sc_06ea32bd,939367207,4001.0,2025-03-20T18:55:29.550485
CRS412820,2025-03-20T18:55:29.550485,20.2,sc_73f38dcf,473606276,4235.0,2025-03-20T18:55:29.550485
CRS427163,2025-03-20T18:55:29.552500,90.3,sc_866fdbf7,163514619,1384.0,2025-03-20T18:55:29.552500
CRS427163,2025-03-20T18:55:29.552500,89.2,sc_f7c9b0d5,992354759,1166.0,2025-03-20T18:55:29.552500
CRS655493,2025-03-20T18:55:29.552500,77.4,sc_44de09d7,254288168,3048.0,2025-03-20T18:55:29.552500
CRS427163,2025-03-20T18:55:29.552500,81.0,sc_3cf4c589,254288168,1486.0,2025-03-20T18:55:29.552500
CRS655493,2025-03-20T18:55:29.554498,78.6,sc_dd4bd53f,130749096,3048.0,2025-03-20T18:55:29.554498
CRS545989,2025-03-20T18:55:29.554498,76.2,sc_6da43ea2,870391579,1106.0,2025-03-20T18:55:29.554498
CRS792818,2025-03-20T18:55:29.554498,72.6,sc_f13ad924,633473296,1822.0,2025-03-20T18:55:29.554498
CRS545989,2025-03-20T18:55:29.557136,68.6,sc_333ca63b,568162762,1031.0,2025-03-20T18:55:29.557136
CRS655493,2025-03-20T18:55:29.557346,82.3,sc_591ae6cb,674004845,3180.0,2025-03-20T18:55:29.557346
CRS829271,2025-03-20T18:55:29.557346,83.0,sc_52078a74,521472777,1848.0,2025-03-20T18:55:29.557346
CRS829271,2025-03-20T18:55:29.559345,39.5,sc_2572e447,580620173,1420.0,2025-03-20T18:55:29.559345
CRS674486,2025-03-20T18:55:29.559345,97.4,sc_0b956a1a,571387769,2424.0,2025-03-20T18:55:29.559345
CRS980690,2025-03-20T18:55:29.559345,78.1,sc_afd032fd,844956469,1426.0,2025-03-20T18:55:29.559345
CRS545989,2025-03-20T18:55:29.559345,70.2,sc_e72c525f,509678199,1014.0,2025-03-20T18:55:29.559345
CRS545989,2025-03-20T18:55:29.561345,80.5,sc_9ca13ca5,524766320,937.0,2025-03-20T18:55:29.561345
CRS545989,2025-03-20T18:55:29.561345,69.9,sc_a996cb9e,301177273,1094.0,2025-03-20T18:55:29.561345
CRS674486,2025-03-20T18:55:29.563346,67.3,sc_f098641e,316070110,2201.0,2025-03-20T18:55:29.563346
CRS655493,2025-03-20T18:55:29.563346,84.5,sc_03216fe3,935488876,3145.0,2025-03-20T18:55:29.563346
CRS829271,2025-03-20T18:55:29.564443,40.4,sc_3fa8c647,647018404,1320.0,2025-03-20T18:55:29.564443
CRS427163,2025-03-20T18:55:29.564443,69.5,sc_f6707412,623155038,1465.0,2025-03-20T18:55:29.564443
CRS829271,2025-03-20T18:55:29.564443,58.9,sc_3fdee52b,623155038,1663.0,2025-03-20T18:55:29.564443
CRS829271,2025-03-20T18:55:29.564443,62.2,sc_843004c8,690009141,1726.0,2025-03-20T18:55:29.564443
CRS412820,2025-03-20T18:55:29.566974,64.8,sc_33e186ae,125400731,3912.0,2025-03-20T18:55:29.566974
CRS674486,2025-03-20T18:55:29.566974,83.5,sc_aa422395,800705444,2556.0,2025-03-20T18:55:29.566974
CRS412820,2025-03-20T18:55:29.568979,88.7,sc_e72b4b17,168395943,3745.0,2025-03-20T18:55:29.568979
CRS674486,2025-03-20T18:55:29.568979,61.1,sc_f1e3193c,566140131,2563.0,2025-03-20T18:55:29.568979
CRS427163,2025-03-20T18:55:29.568979,69.4,sc_39a95637,249147408,1615.0,2025-03-20T18:55:29.568979
CRS674486,2025-03-20T18:55:29.571699,70.8,sc_7c30503a,242247298,2684.0,2025-03-20T18:55:29.571699
CRS829271,2025-03-20T18:55:29.571699,81.8,sc_b1e67bfe,481658943,1601.0,2025-03-20T18:55:29.571699
CRS980690,2025-03-20T18:55:29.573223,90.2,sc_6d1c04c2,407463984,1353.0,2025-03-20T18:55:29.573223
CRS829271,2025-03-20T18:55:29.573223,57.7,sc_4f32beed,829195350,1575.0,2025-03-20T18:55:29.573223
CRS427163,2025-03-20T18:55:29.573223,81.4,sc_34d745a6,911237149,1274.0,2025-03-20T18:55:29.573223
CRS427163,2025-03-20T18:55:29.573223,80.9,sc_3f4f334a,133218886,1399.0,2025-03-20T18:55:29.573223
CRS980690,2025-03-20T18:55:29.575228,42.8,sc_983eef08,133218886,1419.0,2025-03-20T18:55:29.575228
CRS980690,2025-03-20T18:55:29.575228,77.6,sc_b5a42f66,477080767,1273.0,2025-03-20T18:55:29.575228
CRS545989,2025-03-20T18:55:29.575228,87.6,sc_9bd67eac,934135400,941.0,2025-03-20T18:55:29.575228
CRS412820,2025-03-20T18:55:29.577228,74.1,sc_f5322a25,117568309,4078.0,2025-03-20T18:55:29.577228
CRS545989,2025-03-20T18:55:29.578353,71.6,sc_93ebad7e,968613841,1056.0,2025-03-20T18:55:29.578353
CRS674486,2025-03-20T18:55:29.578353,59.9,sc_9304eb57,282162839,2835.0,2025-03-20T18:55:29.578353
CRS545989,2025-03-20T18:55:29.580366,88.3,sc_7be4e7a0,409541442,944.0,2025-03-20T18:55:29.580366
CRS545989,2025-03-20T18:55:29.580366,87.7,sc_8373225d,660816660,980.0,2025-03-20T18:55:29.580366
CRS427163,2025-03-20T18:55:29.580366,60.6,sc_eceee8a6,823017080,1652.0,2025-03-20T18:55:29.580366
CRS674486,2025-03-20T18:55:29.582366,59.0,sc_aa1db426,823017080,2902.0,2025-03-20T18:55:29.582366
CRS980690,2025-03-20T18:55:29.582366,72.2,sc_705358b7,547086812,1441.0,2025-03-20T18:55:29.582366
CRS545989,2025-03-20T18:55:29.582366,71.7,sc_f7fd2be0,844517696,1125.0,2025-03-20T18:55:29.582366
CRS655493,2025-03-20T18:55:29.584366,82.6,sc_48faef1b,155776434,3288.0,2025-03-20T18:55:29.584366
CRS545989,2025-03-20T18:55:29.585314,60.9,sc_77e5c94d,562250082,1157.0,2025-03-20T18:55:29.585314
CRS655493,2025-03-20T18:55:29.585314,80.6,sc_20276922,514867610,3226.0,2025-03-20T18:55:29.585314
CRS980690,2025-03-20T18:55:29.585314,75.5,sc_4651f087,514867610,1482.0,2025-03-20T18:55:29.585314
CRS655493,2025-03-20T18:55:29.586827,98.0,sc_1b00e060,906330418,3034.0,2025-03-20T18:55:29.586827
CRS980690,2025-03-20T18:55:29.586827,60.6,sc_39df5e5b,870382129,1613.0,2025-03-20T18:55:29.586827
CRS980690,2025-03-20T18:55:29.586827,58.4,sc_d089cf54,906690464,1607.0,2025-03-20T18:55:29.586827
CRS674486,2025-03-20T18:55:29.588831,95.9,sc_c96ba1ee,681126666,2851.0,2025-03-20T18:55:29.588831
CRS792818,2025-03-20T18:55:29.588831,79.9,sc_9e6fe04a,501049122,1873.0,2025-03-20T18:55:29.588831
CRS980690,2025-03-20T18:55:29.590831,49.1,sc_01428fb5,238543427,1750.0,2025-03-20T18:55:29.590831
CRS412820,2025-03-20T18:55:29.590831,31.9,sc_cd688923,238543427,4073.0,2025-03-20T18:55:29.590831
CRS427163,2025-03-20T18:55:29.592234,69.6,sc_5d04bf0b,848808518,1634.0,2025-03-20T18:55:29.592234
CRS829271,2025-03-20T18:55:29.592545,92.9,sc_2b909b22,333722961,1303.0,2025-03-20T18:55:29.592545
CRS792818,2025-03-20T18:55:29.592545,90.8,sc_34d473b5,333722961,1542.0,2025-03-20T18:55:29.592545
CRS412820,2025-03-20T18:55:29.594547,69.1,sc_1f28b155,633663158,3684.0,2025-03-20T18:55:29.594547
CRS674486,2025-03-20T18:55:29.594547,68.2,sc_a2b21a4c,886520171,2458.0,2025-03-20T18:55:29.594547
CRS655493,2025-03-20T18:55:29.594547,63.2,sc_93b4e680,921043516,3660.0,2025-03-20T18:55:29.594547
CRS792818,2025-03-20T18:55:29.597051,63.1,sc_1035b95b,506599053,1999.0,2025-03-20T18:55:29.597051
CRS412820,2025-03-20T18:55:29.597051,62.0,sc_2c52f53c,967125167,4205.0,2025-03-20T18:55:29.597051
CRS674486,2025-03-20T18:55:29.597051,62.0,sc_6fdf99c1,781906938,2211.0,2025-03-20T18:55:29.597051
CRS427163,2025-03-20T18:55:29.599152,87.9,sc_ffb3cf36,833292294,1196.0,2025-03-20T18:55:29.599152
CRS829271,2025-03-20T18:55:29.599152,80.5,sc_b7cfa1e5,738778428,1452.0,2025-03-20T18:55:29.599152
CRS545989,2025-03-20T18:55:29.601160,70.2,sc_12a7552d,375934523,956.0,2025-03-20T18:55:29.601160
CRS829271,2025-03-20T18:55:29.601160,97.0,sc_bf353792,932102417,1527.0,2025-03-20T18:55:29.601160
CRS980690,2025-03-20T18:55:29.603160,96.1,sc_f70f6a90,387087388,1424.0,2025-03-20T18:55:29.603160
CRS792818,2025-03-20T18:55:29.605160,79.9,sc_c59c1a14,325142709,1539.0,2025-03-20T18:55:29.605160
CRS792818,2025-03-20T18:55:29.606294,82.2,sc_36776bc5,282781953,1858.0,2025-03-20T18:55:29.606294
CRS792818,2025-03-20T18:55:29.606814,71.8,sc_26d2530a,353485777,1881.0,2025-03-20T18:55:29.606814
CRS829271,2025-03-20T18:55:29.608321,88.8,sc_3f0b491a,237502073,1555.0,2025-03-20T18:55:29.608321
CRS545989,2025-03-20T18:55:29.608321,79.8,sc_f02d2d22,237502073,1070.0,2025-03-20T18:55:29.608321
CRS655493,2025-03-20T18:55:29.610326,65.1,sc_6576d54f,823138709,3077.0,2025-03-20T18:55:29.610326
CRS427163,2025-03-20T18:55:29.610326,59.7,sc_18844229,330063870,1568.0,2025-03-20T18:55:29.610326
CRS792818,2025-03-20T18:55:29.610326,58.7,sc_6600a2ed,998634956,1963.0,2025-03-20T18:55:29.610326
CRS655493,2025-03-20T18:55:29.613068,72.5,sc_d2caa230,390117679,3311.0,2025-03-20T18:55:29.613068
CRS545989,2025-03-20T18:55:29.613068,76.4,sc_fa97f09b,152726492,978.0,2025-03-20T18:55:29.613068
CRS829271,2025-03-20T18:55:29.614573,63.5,sc_73683674,514314500,1623.0,2025-03-20T18:55:29.614573
CRS674486,2025-03-20T18:55:29.614573,81.0,sc_38ac77b9,377610846,2430.0,2025-03-20T18:55:29.614573
CRS655493,2025-03-20T18:55:29.617156,87.8,sc_a9750346,554657111,3318.0,2025-03-20T18:55:29.617156
CRS980690,2025-03-20T18:55:29.617156,82.0,sc_16e8ebbe,554657111,1424.0,2025-03-20T18:55:29.617156
CRS412820,2025-03-20T18:55:29.619087,80.7,sc_df9726f1,114259427,3652.0,2025-03-20T18:55:29.619087
CRS545989,2025-03-20T18:55:29.619087,80.0,sc_a598b0ec,114259427,981.0,2025-03-20T18:55:29.619087
CRS792818,2025-03-20T18:55:29.620539,83.1,sc_a6d62462,302365132,1783.0,2025-03-20T18:55:29.620539
CRS427163,2025-03-20T18:55:29.620539,80.5,sc_64646666,419882386,1439.0,2025-03-20T18:55:29.620539
CRS829271,2025-03-20T18:55:29.621544,63.4,sc_4ecf44ca,794242163,1473.0,2025-03-20T18:55:29.621544
CRS545989,2025-03-20T18:55:29.622603,77.8,sc_fdf7a7fa,253937661,894.0,2025-03-20T18:55:29.622603
CRS980690,2025-03-20T18:55:29.622603,78.4,sc_46a5a562,327427196,1487.0,2025-03-20T18:55:29.622603
CRS674486,2025-03-20T18:55:29.622603,95.4,sc_f5e33897,242122164,2707.0,2025-03-20T18:55:29.622603
CRS792818,2025-03-20T18:55:29.624603,40.7,sc_bfd771d0,586341686,2147.0,2025-03-20T18:55:29.624603
CRS412820,2025-03-20T18:55:29.624603,92.1,sc_23089418,480506031,4033.0,2025-03-20T18:55:29.624603
CRS545989,2025-03-20T18:55:29.624603,77.9,sc_317c7b9e,528192725,932.0,2025-03-20T18:55:29.624603
CRS829271,2025-03-20T18:55:29.627650,68.5,sc_860281a2,498048688,1318.0,2025-03-20T18:55:29.627650
CRS427163,2025-03-20T18:55:29.627650,88.3,sc_68a1facd,981483858,1134.0,2025-03-20T18:55:29.627650
CRS412820,2025-03-20T18:55:29.629155,80.3,sc_af06d7ec,433730812,3839.0,2025-03-20T18:55:29.629155
CRS829271,2025-03-20T18:55:29.629155,63.9,sc_c95ea396,758968352,1882.0,2025-03-20T18:55:29.629155
CRS980690,2025-03-20T18:55:29.629155,78.4,sc_48023f1d,545175527,1227.0,2025-03-20T18:55:29.629155
CRS545989,2025-03-20T18:55:29.631159,67.5,sc_86cea62d,187415343,977.0,2025-03-20T18:55:29.631159
CRS674486,2025-03-20T18:55:29.631159,59.6,sc_4bf60c82,685518077,2694.0,2025-03-20T18:55:29.631159
CRS829271,2025-03-20T18:55:29.631159,77.5,sc_8b1490ab,962082679,1454.0,2025-03-20T18:55:29.631159
CRS655493,2025-03-20T18:55:29.633159,82.3,sc_57b0bc82,468547377,3029.0,2025-03-20T18:55:29.633159
CRS412820,2025-03-20T18:55:29.634293,63.8,sc_3fa603d1,491655627,3286.0,2025-03-20T18:55:29.634293
CRS655493,2025-03-20T18:55:29.634293,71.5,sc_c2a112bc,443032801,3274.0,2025-03-20T18:55:29.634293
CRS545989,2025-03-20T18:55:29.635798,69.9,sc_c8a51112,443032801,979.0,2025-03-20T18:55:29.635798
CRS980690,2025-03-20T18:55:29.635798,78.6,sc_6f0f7ead,523449949,1442.0,2025-03-20T18:55:29.635798
CRS980690,2025-03-20T18:55:29.636801,79.6,sc_dcd8135e,923011646,1463.0,2025-03-20T18:55:29.636801
CRS412820,2025-03-20T18:55:29.637815,98.6,sc_17cce121,566764747,3834.0,2025-03-20T18:55:29.637815
CRS427163,2025-03-20T18:55:29.637815,80.5,sc_fb0a1f23,302569258,1207.0,2025-03-20T18:55:29.637815
CRS545989,2025-03-20T18:55:29.637815,83.5,sc_3fe7ba85,668384340,927.0,2025-03-20T18:55:29.637815
CRS829271,2025-03-20T18:55:29.639819,56.6,sc_c1791850,620020618,1661.0,2025-03-20T18:55:29.639819
CRS412820,2025-03-20T18:55:29.641118,70.0,sc_675ce406,173037417,3805.0,2025-03-20T18:55:29.641118
CRS412820,2025-03-20T18:55:29.641429,87.9,sc_a57ebc62,436565949,3858.0,2025-03-20T18:55:29.641429
CRS412820,2025-03-20T18:55:29.641429,70.7,sc_1755ab60,883000223,3752.0,2025-03-20T18:55:29.641429
CRS980690,2025-03-20T18:55:29.643432,76.1,sc_5b9a2ab9,832626894,1568.0,2025-03-20T18:55:29.643432
CRS792818,2025-03-20T18:55:29.643432,83.7,sc_e3250406,971182136,1977.0,2025-03-20T18:55:29.643432
CRS980690,2025-03-20T18:55:29.643432,73.1,sc_a7070107,875804551,1502.0,2025-03-20T18:55:29.643432
CRS792818,2025-03-20T18:55:29.645430,52.0,sc_09a1772c,477137336,1821.0,2025-03-20T18:55:29.645430
CRS545989,2025-03-20T18:55:29.645430,65.4,sc_a96b08a3,477137336,999.0,2025-03-20T18:55:29.645430
CRS980690,2025-03-20T18:55:29.646933,83.3,sc_1a1c7b46,901874038,1403.0,2025-03-20T18:55:29.646933
CRS427163,2025-03-20T18:55:29.647826,70.9,sc_f27e56cd,208724609,1446.0,2025-03-20T18:55:29.647826
CRS427163,2025-03-20T18:55:29.648120,89.9,sc_6f72cd0f,453627946,1290.0,2025-03-20T18:55:29.648120
CRS655493,2025-03-20T18:55:29.648120,71.1,sc_fe8583a0,559025553,3534.0,2025-03-20T18:55:29.648120
CRS829271,2025-03-20T18:55:29.650121,78.7,sc_4cb63d23,406325512,1570.0,2025-03-20T18:55:29.650121
CRS829271,2025-03-20T18:55:29.650121,67.2,sc_ba599cbb,575803010,1426.0,2025-03-20T18:55:29.650121
